"RunId","WorkflowName","Conclusion","Event","CreatedAt","Title","PR","HtmlUrl"
"26444345630","build_and_release","success","pull_request","2026-05-26T09:33:44Z","fix: add dtype conversion for BF16/FP32 mismatch in deepep tests on A5","","https://github.com/sgl-project/sgl-kernel-npu/actions/runs/26444345630"
"26444086689","build_and_release","success","pull_request","2026-05-26T09:28:18Z","feat: remove check in build.sh","","https://github.com/sgl-project/sgl-kernel-npu/actions/runs/26444086689"
"26442982420","build_and_release","success","pull_request","2026-05-26T09:05:04Z","feat: only check submodule when build kernels","","https://github.com/sgl-project/sgl-kernel-npu/actions/runs/26442982420"
"26439062406","build_and_release","success","pull_request","2026-05-26T07:38:54Z","refactor: separate submodule init and build","","https://github.com/sgl-project/sgl-kernel-npu/actions/runs/26439062406"
"26390593653","build_and_release","success","pull_request","2026-05-25T08:13:03Z","passed pre-commit on my machine","","https://github.com/sgl-project/sgl-kernel-npu/actions/runs/26390593653"
"26388662379","build_and_release","success","pull_request","2026-05-25T07:22:12Z","Add trailing newline to README files","","https://github.com/sgl-project/sgl-kernel-npu/actions/runs/26388662379"
"26388199106","build_and_release","success","pull_request","2026-05-25T07:09:13Z","trim trailing whitespace","","https://github.com/sgl-project/sgl-kernel-npu/actions/runs/26388199106"
"26380085295","build_and_release","success","pull_request","2026-05-25T02:29:23Z","Aligned torch version in the pipeline","","https://github.com/sgl-project/sgl-kernel-npu/actions/runs/26380085295"
"26359258230","build_and_release","success","pull_request","2026-05-24T10:52:30Z","Updated README.md based on the comments","","https://github.com/sgl-project/sgl-kernel-npu/actions/runs/26359258230"
"26213188353","build_and_release","failure","pull_request","2026-05-21T07:55:43Z","test pipe line","","https://github.com/sgl-project/sgl-kernel-npu/actions/runs/26213188353"
"26212747717","build_and_release","failure","pull_request","2026-05-21T07:45:56Z","test pipe line","","https://github.com/sgl-project/sgl-kernel-npu/actions/runs/26212747717"
"26138650165","build_and_release","success","release","2026-05-20T03:03:32Z","deepep for A2 Adapt (#501)","","https://github.com/sgl-project/sgl-kernel-npu/actions/runs/26138650165"
"26095800844","build_and_release","success","pull_request","2026-05-19T12:01:05Z","fix: allow git to run inside ci","","https://github.com/sgl-project/sgl-kernel-npu/actions/runs/26095800844"
"26087741075","build_and_release","success","pull_request","2026-05-19T09:12:06Z","chore: satisfy linter and codegen parser","","https://github.com/sgl-project/sgl-kernel-npu/actions/runs/26087741075"
"26083669928","build_and_release","failure","pull_request","2026-05-19T07:46:36Z","chore: rename submodules thirdparty -> third-party","","https://github.com/sgl-project/sgl-kernel-npu/actions/runs/26083669928"
"26081179968","build_and_release","success","pull_request","2026-05-19T06:49:06Z","deepep for A2 Adapt","","https://github.com/sgl-project/sgl-kernel-npu/actions/runs/26081179968"
"26033602703","build_and_release","success","pull_request","2026-05-18T12:30:58Z","Merge remote-tracking branch 'origin/main' into feat-gdn-mega-kernel","","https://github.com/sgl-project/sgl-kernel-npu/actions/runs/26033602703"
"26010780037","build_and_release","success","pull_request","2026-05-18T02:46:15Z","rollback","","https://github.com/sgl-project/sgl-kernel-npu/actions/runs/26010780037"
"26010217992","build_and_release","success","pull_request","2026-05-18T02:25:47Z","rollback","","https://github.com/sgl-project/sgl-kernel-npu/actions/runs/26010217992"
"25957753106","build_and_release","success","pull_request","2026-05-16T08:50:32Z","rollback","","https://github.com/sgl-project/sgl-kernel-npu/actions/runs/25957753106"
"25951535227","build_and_release","success","pull_request","2026-05-16T03:24:11Z","rollback","","https://github.com/sgl-project/sgl-kernel-npu/actions/runs/25951535227"
"25951445958","build_and_release","success","pull_request","2026-05-16T03:19:44Z","rollback","","https://github.com/sgl-project/sgl-kernel-npu/actions/runs/25951445958"
"25894597677","build_and_release","success","release","2026-05-15T01:06:52Z","cann9.0.0 Adapt (#476)","","https://github.com/sgl-project/sgl-kernel-npu/actions/runs/25894597677"
"25860749767","build_and_release","success","pull_request","2026-05-14T12:46:02Z","update","","https://github.com/sgl-project/sgl-kernel-npu/actions/runs/25860749767"
"25860136619","build_and_release","success","pull_request","2026-05-14T12:31:47Z","update","","https://github.com/sgl-project/sgl-kernel-npu/actions/runs/25860136619"
"25858413282","build_and_release","success","pull_request","2026-05-14T11:49:49Z","delete A2","","https://github.com/sgl-project/sgl-kernel-npu/actions/runs/25858413282"
"25852119256","build_and_release","success","pull_request","2026-05-14T09:16:35Z","delete A2","","https://github.com/sgl-project/sgl-kernel-npu/actions/runs/25852119256"
"25850271017","build_and_release","failure","pull_request","2026-05-14T08:32:18Z","Merge branch 'main' of github.com:sgl-project/sgl-kernel-npu into wq_main","","https://github.com/sgl-project/sgl-kernel-npu/actions/runs/25850271017"
"25848053693","build_and_release","failure","pull_request","2026-05-14T07:35:56Z","cann9.0.0 Adapt","","https://github.com/sgl-project/sgl-kernel-npu/actions/runs/25848053693"
"25842483315","build_and_release","success","pull_request","2026-05-14T04:54:16Z","Merge remote-tracking branch 'refs/remotes/origin/main' into 458-branch-fix-complie","","https://github.com/sgl-project/sgl-kernel-npu/actions/runs/25842483315"
"25842419036","build_and_release","success","pull_request","2026-05-14T04:52:13Z","Review Comments","","https://github.com/sgl-project/sgl-kernel-npu/actions/runs/25842419036"
"25800149925","build_and_release","success","pull_request","2026-05-13T12:49:48Z","fix lint and add SetCommEngine","","https://github.com/sgl-project/sgl-kernel-npu/actions/runs/25800149925"
"25788283298","build_and_release","success","pull_request","2026-05-13T08:42:23Z","fix a2 problem for TILINGKEY_A3_NO_QUANT","","https://github.com/sgl-project/sgl-kernel-npu/actions/runs/25788283298"
"25786608480","build_and_release","failure","pull_request","2026-05-13T08:06:45Z","chore: CANN 8.5 adaptation and platform compatibility fixes","","https://github.com/sgl-project/sgl-kernel-npu/actions/runs/25786608480"
"25784743448","build_and_release","success","pull_request","2026-05-13T07:24:55Z","fix a2 problem for compile aclnn","","https://github.com/sgl-project/sgl-kernel-npu/actions/runs/25784743448"
"25737466031","build_and_release","success","pull_request","2026-05-12T13:25:45Z","guess mc2CcTilingConfig.SetCommEngine problem","","https://github.com/sgl-project/sgl-kernel-npu/actions/runs/25737466031"
"25733340374","build_and_release","success","pull_request","2026-05-12T12:06:46Z","Merge remote-tracking branch 'refs/remotes/origin/main' into 458-branch-fix-complie","","https://github.com/sgl-project/sgl-kernel-npu/actions/runs/25733340374"
"25733258063","build_and_release","success","pull_request","2026-05-12T12:05:04Z","fix fused moe in a5","","https://github.com/sgl-project/sgl-kernel-npu/actions/runs/25733258063"
"25724526904","build_and_release","success","pull_request","2026-05-12T09:03:12Z","[CI] Remove CANN 8.3.rc2 from build matrix","","https://github.com/sgl-project/sgl-kernel-npu/actions/runs/25724526904"
"25711281230","build_and_release","success","pull_request","2026-05-12T03:21:03Z","fix DSOC_VERSION error","","https://github.com/sgl-project/sgl-kernel-npu/actions/runs/25711281230"
"25654880414","build_and_release","success","pull_request","2026-05-11T06:50:07Z","comment out mc2CcTilingConfig.SetCommEngine(mc2tiling::AIV_ENGINE)","","https://github.com/sgl-project/sgl-kernel-npu/actions/runs/25654880414"
"25626148720","build_and_release","failure","pull_request","2026-05-10T10:17:23Z","fix cann8.3 SetCommEngine","","https://github.com/sgl-project/sgl-kernel-npu/actions/runs/25626148720"
"25623379192","build_and_release","failure","pull_request","2026-05-10T07:53:11Z","fix cann8.3 in a2","","https://github.com/sgl-project/sgl-kernel-npu/actions/runs/25623379192"
"25623012082","build_and_release","failure","pull_request","2026-05-10T07:33:26Z","fix cann8.3 in a2","","https://github.com/sgl-project/sgl-kernel-npu/actions/runs/25623012082"
"25618463654","build_and_release","failure","pull_request","2026-05-10T03:13:19Z","Adaptation of the Deepep A5 normal and low-latency operators.","","https://github.com/sgl-project/sgl-kernel-npu/actions/runs/25618463654"
"25545786352","build_and_release","failure","pull_request","2026-05-08T08:34:33Z","fix ASC can not find problem","","https://github.com/sgl-project/sgl-kernel-npu/actions/runs/25545786352"
"25543225443","build_and_release","failure","pull_request","2026-05-08T07:32:47Z","Update SOC_VERSION to use variable instead of hardcode","","https://github.com/sgl-project/sgl-kernel-npu/actions/runs/25543225443"
"25542238589","build_and_release","failure","pull_request","2026-05-08T07:08:10Z","Merge branch 'a5_adaption_new' of https://github.com/oagniqgnat/sgl-kernel-npu into a5_new","","https://github.com/sgl-project/sgl-kernel-npu/actions/runs/25542238589"
"25496746316","build_and_release","failure","pull_request","2026-05-07T12:48:56Z","Adaptation of the Deepep A5 normal and low-latency operators.","","https://github.com/sgl-project/sgl-kernel-npu/actions/runs/25496746316"
"25377707528","build_and_release","success","pull_request","2026-05-05T12:57:03Z","Update build.sh","","https://github.com/sgl-project/sgl-kernel-npu/actions/runs/25377707528"
"25364915001","build_and_release","failure","pull_request","2026-05-05T08:04:28Z","Update build.sh","","https://github.com/sgl-project/sgl-kernel-npu/actions/runs/25364915001"
"25317371023","build_and_release","failure","pull_request","2026-05-04T11:51:38Z","fix lint","","https://github.com/sgl-project/sgl-kernel-npu/actions/runs/25317371023"
"25310696317","build_and_release","failure","pull_request","2026-05-04T09:09:27Z","Update build.sh","","https://github.com/sgl-project/sgl-kernel-npu/actions/runs/25310696317"
"25275541276","build_and_release","success","pull_request","2026-05-03T09:32:37Z","bump version to 2026.05.01","","https://github.com/sgl-project/sgl-kernel-npu/actions/runs/25275541276"
"25258792083","build_and_release","failure","pull_request","2026-05-02T18:27:15Z","Merge branch 'main' into svoloch_add_attentions","","https://github.com/sgl-project/sgl-kernel-npu/actions/runs/25258792083"
"25150591400","build_and_release","failure","pull_request","2026-04-30T06:18:58Z","Adaptation of the Deepep A5 normal and low-latency operators.","","https://github.com/sgl-project/sgl-kernel-npu/actions/runs/25150591400"
"25150485155","build_and_release","failure","pull_request","2026-04-30T06:15:41Z","Adaptation of the Deepep A5 normal and low-latency operators.","","https://github.com/sgl-project/sgl-kernel-npu/actions/runs/25150485155"
"25146452265","build_and_release","failure","pull_request","2026-04-30T03:53:14Z","Adaptation of the Deepep A5 normal and low-latency operators.","","https://github.com/sgl-project/sgl-kernel-npu/actions/runs/25146452265"
"25146420179","build_and_release","failure","pull_request","2026-04-30T03:52:02Z","Adaptation of the Deepep A5 normal and low-latency operators.","","https://github.com/sgl-project/sgl-kernel-npu/actions/runs/25146420179"
"25146367354","build_and_release","failure","pull_request","2026-04-30T03:50:01Z","Adaptation of the Deepep A5 normal and low-latency operators.","","https://github.com/sgl-project/sgl-kernel-npu/actions/runs/25146367354"
"25146226738","build_and_release","failure","pull_request","2026-04-30T03:44:30Z","Adaptation of the Deepep A5 normal and low-latency operators.","","https://github.com/sgl-project/sgl-kernel-npu/actions/runs/25146226738"
"25146193342","build_and_release","failure","pull_request","2026-04-30T03:43:12Z","Adaptation of the Deepep A5 normal and low-latency operators.","","https://github.com/sgl-project/sgl-kernel-npu/actions/runs/25146193342"
"25146081822","build_and_release","failure","pull_request","2026-04-30T03:38:45Z","Adaptation of the Deepep A5 normal and low-latency operators.","","https://github.com/sgl-project/sgl-kernel-npu/actions/runs/25146081822"
"25146056371","build_and_release","failure","pull_request","2026-04-30T03:37:41Z","Adaptation of the Deepep A5 normal and low-latency operators.","","https://github.com/sgl-project/sgl-kernel-npu/actions/runs/25146056371"
"25145890872","build_and_release","failure","pull_request","2026-04-30T03:31:19Z","Adaptation of the Deepep A5 normal and low-latency operators.","","https://github.com/sgl-project/sgl-kernel-npu/actions/runs/25145890872"
"25145796003","build_and_release","failure","pull_request","2026-04-30T03:27:39Z","Adaptation of the Deepep A5 normal and low-latency operators.","","https://github.com/sgl-project/sgl-kernel-npu/actions/runs/25145796003"
"24982910555","build_and_release","success","pull_request","2026-04-27T07:47:46Z","Merge branch 'sgl-project:main' into sgl-cmake2","","https://github.com/sgl-project/sgl-kernel-npu/actions/runs/24982910555"
"24784532733","build_and_release","success","release","2026-04-22T14:38:30Z","Add conv1d update mtp triton kernel. Adapt speculative decoding for update (#445)","","https://github.com/sgl-project/sgl-kernel-npu/actions/runs/24784532733"
"24486958241","build_and_release","success","release","2026-04-16T01:23:51Z","The A3 normal operator is modified to support a maximum of 128K long sequences. (#435)","","https://github.com/sgl-project/sgl-kernel-npu/actions/runs/24486958241"
"24177302176","build_and_release","success","release","2026-04-09T07:07:03Z","Fix conv1d update state shift (#428)","","https://github.com/sgl-project/sgl-kernel-npu/actions/runs/24177302176"
"24132986523","build_and_release","success","release","2026-04-08T11:28:41Z","Revert ""LoRA: Implementing kernels using CUBE computation unit (#384)"" (#430)","","https://github.com/sgl-project/sgl-kernel-npu/actions/runs/24132986523"
"24122848177","build_and_release","failure","release","2026-04-08T07:12:50Z","LoRA: Implementing kernels using CUBE computation unit (#384)","","https://github.com/sgl-project/sgl-kernel-npu/actions/runs/24122848177"
"23936942776","build_and_release","success","release","2026-04-03T06:41:05Z","fix info.dim check error (#425)","","https://github.com/sgl-project/sgl-kernel-npu/actions/runs/23936942776"
"23931770661","build_and_release","success","release","2026-04-03T02:59:17Z","fix init kCandidates array bug (#423)","","https://github.com/sgl-project/sgl-kernel-npu/actions/runs/23931770661"
"23841248701","build_and_release","failure","pull_request","2026-04-01T09:14:35Z","torch cache Adapt","","https://github.com/sgl-project/sgl-kernel-npu/actions/runs/23841248701"
"23778705333","build_and_release","success","release","2026-03-31T03:14:32Z","add split_qkv_tp_rmsnorm_rope ops (#413)","","https://github.com/sgl-project/sgl-kernel-npu/actions/runs/23778705333"
"23534802300","build_and_release","failure","pull_request","2026-03-25T09:48:13Z","fix: correct causal conv1d tiling split","","https://github.com/sgl-project/sgl-kernel-npu/actions/runs/23534802300"
"23031632220","build_and_release","success","release","2026-03-13T01:12:53Z","support multiple torch version (#398)","","https://github.com/sgl-project/sgl-kernel-npu/actions/runs/23031632220"
"23005829889","build_and_release","success","pull_request","2026-03-12T14:02:54Z","support multiple torch version","","https://github.com/sgl-project/sgl-kernel-npu/actions/runs/23005829889"
"22760796612","build_and_release","success","release","2026-03-06T11:07:42Z","Add rmsnorm_bias and mul_add ops (#375)","","https://github.com/sgl-project/sgl-kernel-npu/actions/runs/22760796612"
"22715599998","build_and_release","failure","pull_request","2026-03-05T11:23:19Z","debug","","https://github.com/sgl-project/sgl-kernel-npu/actions/runs/22715599998"
"22611797718","build_and_release","success","pull_request","2026-03-03T06:51:06Z","Modified according to the review comments.","","https://github.com/sgl-project/sgl-kernel-npu/actions/runs/22611797718"
"22569022475","build_and_release","success","pull_request","2026-03-02T09:10:05Z","Merge branch 'sgl-cmake2' of https://github.com/1329009851/sgl-kernel-npu into sgl-cmake2","","https://github.com/sgl-project/sgl-kernel-npu/actions/runs/22569022475"
"22568130501","build_and_release","success","pull_request","2026-03-02T08:43:57Z","Merge branch 'sgl-cmake2' of https://github.com/1329009851/sgl-kernel-npu into sgl-cmake2","","https://github.com/sgl-project/sgl-kernel-npu/actions/runs/22568130501"
"22545978328","build_and_release","success","release","2026-03-01T15:01:20Z","bump version to 2026.03.01 (#388)","","https://github.com/sgl-project/sgl-kernel-npu/actions/runs/22545978328"
"22545056684","build_and_release","success","pull_request","2026-03-01T14:07:41Z","bump version to 2026.03.01","","https://github.com/sgl-project/sgl-kernel-npu/actions/runs/22545056684"
"22517494267","build_and_release","success","pull_request","2026-02-28T08:51:53Z","Merge branch 'sgl-cmake2' of https://github.com/1329009851/sgl-kernel-npu into sgl-cmake2","","https://github.com/sgl-project/sgl-kernel-npu/actions/runs/22517494267"
"22517468622","build_and_release","failure","pull_request","2026-02-28T08:50:12Z","Merge branch 'sgl-cmake2' of https://github.com/1329009851/sgl-kernel-npu into sgl-cmake2","","https://github.com/sgl-project/sgl-kernel-npu/actions/runs/22517468622"
"22516900353","build_and_release","success","pull_request","2026-02-28T08:13:01Z","Modification for review comments","","https://github.com/sgl-project/sgl-kernel-npu/actions/runs/22516900353"
"22516072064","build_and_release","failure","pull_request","2026-02-28T07:19:13Z","Modification for review comments","","https://github.com/sgl-project/sgl-kernel-npu/actions/runs/22516072064"
"22480621516","build_and_release","success","pull_request","2026-02-27T09:29:21Z","Add debugging information","","https://github.com/sgl-project/sgl-kernel-npu/actions/runs/22480621516"
"22480354205","build_and_release","success","pull_request","2026-02-27T09:21:13Z","Change the code format from CRLF to LF.","","https://github.com/sgl-project/sgl-kernel-npu/actions/runs/22480354205"
"22479944200","build_and_release","failure","pull_request","2026-02-27T09:08:43Z","Merge branch 'sgl-cmake2' of https://github.com/1329009851/sgl-kernel-npu into sgl-cmake2","","https://github.com/sgl-project/sgl-kernel-npu/actions/runs/22479944200"
"22476391631","build_and_release","success","pull_request","2026-02-27T07:03:09Z","Merge branch 'sgl-project:main' into sgl-cmake2","","https://github.com/sgl-project/sgl-kernel-npu/actions/runs/22476391631"
"22390389333","build_and_release","success","pull_request","2026-02-25T09:21:04Z","Modifying the default compilation algorithm version","","https://github.com/sgl-project/sgl-kernel-npu/actions/runs/22390389333"
"22348235710","build_and_release","failure","pull_request","2026-02-24T11:09:28Z","Normal operator adaptation A5","","https://github.com/sgl-project/sgl-kernel-npu/actions/runs/22348235710"
"22039543444","build_and_release","success","release","2026-02-15T17:00:07Z","Update layernorm_gated.py (#378)","","https://github.com/sgl-project/sgl-kernel-npu/actions/runs/22039543444"
"22037617726","build_and_release","failure","release","2026-02-15T14:47:23Z","Update layernorm_gated.py (#378)","","https://github.com/sgl-project/sgl-kernel-npu/actions/runs/22037617726"
"22013580820","build_and_release","success","release","2026-02-14T07:35:30Z","support qwen3.5 (#377)","","https://github.com/sgl-project/sgl-kernel-npu/actions/runs/22013580820"
"21910254589","build_and_release","success","release","2026-02-11T15:01:03Z","Merge pull request #373 from cen121212/2-11-main","","https://github.com/sgl-project/sgl-kernel-npu/actions/runs/21910254589"
"21899068000","build_and_release","success","pull_request","2026-02-11T09:11:38Z","Merge branch 'sgl-cmake2' of https://github.com/1329009851/sgl-kernel-npu into sgl-cmake2","","https://github.com/sgl-project/sgl-kernel-npu/actions/runs/21899068000"
"21897999138","build_and_release","success","pull_request","2026-02-11T08:33:28Z","Merge branch 'sgl-project:main' into sgl-cmake2","","https://github.com/sgl-project/sgl-kernel-npu/actions/runs/21897999138"
"21603976635","build_and_release","success","release","2026-02-02T19:17:27Z","bugfix wrong packages build dir (#360)","","https://github.com/sgl-project/sgl-kernel-npu/actions/runs/21603976635"
"21603533485","build_and_release","failure","pull_request","2026-02-02T19:03:40Z","bugfix wrong packages build dir","","https://github.com/sgl-project/sgl-kernel-npu/actions/runs/21603533485"
"21602630539","build_and_release","success","release","2026-02-02T18:36:02Z","bump version to 2026.02.01 (#359)","","https://github.com/sgl-project/sgl-kernel-npu/actions/runs/21602630539"
"21602227221","build_and_release","success","pull_request","2026-02-02T18:23:28Z","bump version to 2026.02.01","","https://github.com/sgl-project/sgl-kernel-npu/actions/runs/21602227221"
"21541347575","build_and_release","success","release","2026-01-31T07:59:20Z","release follows naming convention (#356)","","https://github.com/sgl-project/sgl-kernel-npu/actions/runs/21541347575"
"21541135440","build_and_release","success","pull_request","2026-01-31T07:41:41Z","add printout","","https://github.com/sgl-project/sgl-kernel-npu/actions/runs/21541135440"
"21540900988","build_and_release","failure","pull_request","2026-01-31T07:22:40Z","add TORCH_DEVICE_BACKEND_AUTOLOAD=0 to prevent autoloading torch_npu","","https://github.com/sgl-project/sgl-kernel-npu/actions/runs/21540900988"
"21540766387","build_and_release","failure","pull_request","2026-01-31T07:11:56Z","release follows naming convention","","https://github.com/sgl-project/sgl-kernel-npu/actions/runs/21540766387"
"21504715227","build_and_release","success","pull_request","2026-01-30T04:44:32Z","clearup","","https://github.com/sgl-project/sgl-kernel-npu/actions/runs/21504715227"
"21504008858","build_and_release","success","pull_request","2026-01-30T04:06:05Z","clearup","","https://github.com/sgl-project/sgl-kernel-npu/actions/runs/21504008858"
"21503483303","build_and_release","success","pull_request","2026-01-30T03:37:06Z","fix ASCEND_INCLUDE_DIR","","https://github.com/sgl-project/sgl-kernel-npu/actions/runs/21503483303"
"21423812289","build_and_release","success","release","2026-01-28T03:29:48Z","Support x86_64 and aarch64 binary release (#325)","","https://github.com/sgl-project/sgl-kernel-npu/actions/runs/21423812289"
"21422963167","build_and_release","success","pull_request","2026-01-28T02:49:45Z","clear up","","https://github.com/sgl-project/sgl-kernel-npu/actions/runs/21422963167"
"21422583921","build_and_release","success","pull_request","2026-01-28T02:31:35Z","Merge remote-tracking branch 'upstream/main' into chore/build_system","","https://github.com/sgl-project/sgl-kernel-npu/actions/runs/21422583921"
"21201892542","build_and_release","success","release","2026-01-21T08:06:34Z","Added the verification of num_max_dispatch_tokens_per_rank to the decode operator adaptation layer. (#330)","","https://github.com/sgl-project/sgl-kernel-npu/actions/runs/21201892542"
"21132272160","build_and_release","success","pull_request","2026-01-19T09:32:20Z","fix","","https://github.com/sgl-project/sgl-kernel-npu/actions/runs/21132272160"
"21129304882","build_and_release","failure","pull_request","2026-01-19T07:44:53Z","Merge remote-tracking branch 'upstream/main' into chore/build_system","","https://github.com/sgl-project/sgl-kernel-npu/actions/runs/21129304882"
"21124845253","build_and_release","success","release","2026-01-19T04:00:53Z","[Chore] CANN version bump to 8.5.0 (#326)","","https://github.com/sgl-project/sgl-kernel-npu/actions/runs/21124845253"
"21124113151","build_and_release","success","pull_request","2026-01-19T03:17:50Z","fix missing dep","","https://github.com/sgl-project/sgl-kernel-npu/actions/runs/21124113151"
"21123995626","build_and_release","failure","pull_request","2026-01-19T03:10:50Z","fix missing dep","","https://github.com/sgl-project/sgl-kernel-npu/actions/runs/21123995626"
"21123818862","build_and_release","failure","pull_request","2026-01-19T03:00:26Z","fix missing dep","","https://github.com/sgl-project/sgl-kernel-npu/actions/runs/21123818862"
"21123699289","build_and_release","failure","pull_request","2026-01-19T02:53:33Z","fix missing dep","","https://github.com/sgl-project/sgl-kernel-npu/actions/runs/21123699289"
"21123553981","build_and_release","failure","pull_request","2026-01-19T02:45:11Z","fix missing dep","","https://github.com/sgl-project/sgl-kernel-npu/actions/runs/21123553981"
"21123146708","build_and_release","failure","pull_request","2026-01-19T02:19:59Z","fix yaml package","","https://github.com/sgl-project/sgl-kernel-npu/actions/runs/21123146708"
"21122910648","build_and_release","failure","pull_request","2026-01-19T02:05:26Z","fix missing dep","","https://github.com/sgl-project/sgl-kernel-npu/actions/runs/21122910648"
"21122670613","build_and_release","failure","pull_request","2026-01-19T01:51:02Z","build for cann 8.5.0","","https://github.com/sgl-project/sgl-kernel-npu/actions/runs/21122670613"
"21110130343","build_and_release","failure","pull_request","2026-01-18T10:20:11Z","add env print","","https://github.com/sgl-project/sgl-kernel-npu/actions/runs/21110130343"
"21109246433","build_and_release","failure","pull_request","2026-01-18T09:08:41Z","fix typo","","https://github.com/sgl-project/sgl-kernel-npu/actions/runs/21109246433"
"21108793999","build_and_release","failure","pull_request","2026-01-18T08:31:52Z","check what happens when path not passed in","","https://github.com/sgl-project/sgl-kernel-npu/actions/runs/21108793999"
"20917556803","build_and_release","success","release","2026-01-12T11:22:44Z","update tag to 2026.01.12 (#312)","","https://github.com/sgl-project/sgl-kernel-npu/actions/runs/20917556803"
"20917497048","build_and_release","success","pull_request","2026-01-12T11:20:32Z","update tag to 2026.01.12","","https://github.com/sgl-project/sgl-kernel-npu/actions/runs/20917497048"
"20839685113","build_and_release","success","release","2026-01-09T02:59:40Z","optimize gdn gating and fused_qkvzba_split_reshape_cat (#306)","","https://github.com/sgl-project/sgl-kernel-npu/actions/runs/20839685113"
"20774822761","build_and_release","success","release","2026-01-07T08:09:21Z","fix layout numTokensPerExpertTensor partial Initialization bug (#303)","","https://github.com/sgl-project/sgl-kernel-npu/actions/runs/20774822761"
"20769283776","build_and_release","failure","release","2026-01-07T03:07:50Z","Supplement A2 doc, software and hardware compatibility info (#294)","","https://github.com/sgl-project/sgl-kernel-npu/actions/runs/20769283776"
"20639823941","build_and_release","success","release","2026-01-01T14:00:16Z","fix a2 single combine aclnn params","","https://github.com/sgl-project/sgl-kernel-npu/actions/runs/20639823941"
"26444086727","daily-build-test","success","pull_request","2026-05-26T09:28:18Z","feat: remove check in build.sh","","https://github.com/sgl-project/sgl-kernel-npu/actions/runs/26444086727"
"26439062450","daily-build-test","success","pull_request","2026-05-26T07:38:54Z","refactor: separate submodule init and build","","https://github.com/sgl-project/sgl-kernel-npu/actions/runs/26439062450"
"26410672184","daily-build-test","success","schedule","2026-05-25T16:40:30Z","fix insert slice (#511)","","https://github.com/sgl-project/sgl-kernel-npu/actions/runs/26410672184"
"26381176368","daily-build-test","success","pull_request","2026-05-25T03:11:33Z","Daily test: add cann8.5.0 and a2(910b) support","","https://github.com/sgl-project/sgl-kernel-npu/actions/runs/26381176368"
"26366390149","daily-build-test","success","schedule","2026-05-24T16:18:33Z","fix insert slice (#511)","","https://github.com/sgl-project/sgl-kernel-npu/actions/runs/26366390149"
"26337599333","daily-build-test","success","schedule","2026-05-23T16:18:05Z","fix insert slice (#511)","","https://github.com/sgl-project/sgl-kernel-npu/actions/runs/26337599333"
"26300235624","daily-build-test","success","schedule","2026-05-22T16:41:51Z","fix insert slice (#511)","","https://github.com/sgl-project/sgl-kernel-npu/actions/runs/26300235624"
"26240209807","daily-build-test","success","schedule","2026-05-21T16:50:32Z","fix insert slice (#511)","","https://github.com/sgl-project/sgl-kernel-npu/actions/runs/26240209807"
"26220598124","daily-build-test","success","pull_request","2026-05-21T10:31:40Z","Daily test: add cann8.5.0 and a2(910b) support","","https://github.com/sgl-project/sgl-kernel-npu/actions/runs/26220598124"
"26177429996","daily-build-test","success","schedule","2026-05-20T16:59:21Z","feat: pto-isa gdn mega kernel (#462)","","https://github.com/sgl-project/sgl-kernel-npu/actions/runs/26177429996"
"26167272155","daily-build-test","success","pull_request","2026-05-20T13:56:11Z","Daily test: add cann8.5.0 and a2(910b) support","","https://github.com/sgl-project/sgl-kernel-npu/actions/runs/26167272155"
"26152306421","daily-build-test","success","pull_request","2026-05-20T08:58:06Z","Merge branch 'main' into add-cann9.0.0-to-a2-dailytest","","https://github.com/sgl-project/sgl-kernel-npu/actions/runs/26152306421"
"26112217228","daily-build-test","success","schedule","2026-05-19T16:56:24Z","a2 cann9.0 adapter to find moe_distribute_comm_ctx.h (#499)","","https://github.com/sgl-project/sgl-kernel-npu/actions/runs/26112217228"
"26102123867","daily-build-test","success","pull_request","2026-05-19T13:59:20Z","Daily test: add cann8.5.0 and a2(910b) support","","https://github.com/sgl-project/sgl-kernel-npu/actions/runs/26102123867"
"26092898754","daily-build-test","success","pull_request","2026-05-19T10:59:44Z","Daily test: add cann8.5.0 and a2(910b) support","","https://github.com/sgl-project/sgl-kernel-npu/actions/runs/26092898754"
"26047706057","daily-build-test","success","schedule","2026-05-18T16:54:40Z","rollback build cache and cann 9.0.0 (#479)","","https://github.com/sgl-project/sgl-kernel-npu/actions/runs/26047706057"
"26010780027","daily-build-test","success","pull_request","2026-05-18T02:46:15Z","rollback","","https://github.com/sgl-project/sgl-kernel-npu/actions/runs/26010780027"
"25996129429","daily-build-test","success","schedule","2026-05-17T16:18:15Z","imporove perfmance for fused gdn gating (#466)","","https://github.com/sgl-project/sgl-kernel-npu/actions/runs/25996129429"
"25966777518","daily-build-test","success","schedule","2026-05-16T16:16:44Z","imporove perfmance for fused gdn gating (#466)","","https://github.com/sgl-project/sgl-kernel-npu/actions/runs/25966777518"
"25957753103","daily-build-test","success","pull_request","2026-05-16T08:50:32Z","rollback","","https://github.com/sgl-project/sgl-kernel-npu/actions/runs/25957753103"
"25951535240","daily-build-test","success","pull_request","2026-05-16T03:24:11Z","rollback","","https://github.com/sgl-project/sgl-kernel-npu/actions/runs/25951535240"
"25929263236","daily-build-test","success","schedule","2026-05-15T16:32:50Z","imporove perfmance for fused gdn gating (#466)","","https://github.com/sgl-project/sgl-kernel-npu/actions/runs/25929263236"
"25872338458","daily-build-test","success","schedule","2026-05-14T16:36:39Z","Adaptation of the Deepep A5 normal and low-latency operators. (#467)","","https://github.com/sgl-project/sgl-kernel-npu/actions/runs/25872338458"
"25860749796","daily-build-test","success","pull_request","2026-05-14T12:46:02Z","update","","https://github.com/sgl-project/sgl-kernel-npu/actions/runs/25860749796"
"25858413280","daily-build-test","success","pull_request","2026-05-14T11:49:49Z","delete A2","","https://github.com/sgl-project/sgl-kernel-npu/actions/runs/25858413280"
"25852119239","daily-build-test","success","pull_request","2026-05-14T09:16:35Z","delete A2","","https://github.com/sgl-project/sgl-kernel-npu/actions/runs/25852119239"
"25848053682","daily-build-test","success","pull_request","2026-05-14T07:35:56Z","cann9.0.0 Adapt","","https://github.com/sgl-project/sgl-kernel-npu/actions/runs/25848053682"
"25813098052","daily-build-test","success","schedule","2026-05-13T16:43:38Z","[CI] Remove CANN 8.3.rc2 from build matrix (#471)","","https://github.com/sgl-project/sgl-kernel-npu/actions/runs/25813098052"
"25786608470","daily-build-test","success","pull_request","2026-05-13T08:06:45Z","chore: CANN 8.5 adaptation and platform compatibility fixes","","https://github.com/sgl-project/sgl-kernel-npu/actions/runs/25786608470"
"25748521924","daily-build-test","success","schedule","2026-05-12T16:40:51Z","[CI] Remove CANN 8.3.rc2 from build matrix (#471)","","https://github.com/sgl-project/sgl-kernel-npu/actions/runs/25748521924"
"25684198078","daily-build-test","success","schedule","2026-05-11T16:49:58Z","[CI] Introduce uv to accelerate pip install (#465)","","https://github.com/sgl-project/sgl-kernel-npu/actions/runs/25684198078"
"25646366629","daily-build-test","success","pull_request","2026-05-11T01:58:50Z","[CI] Introduce uv to accelerate pip install","","https://github.com/sgl-project/sgl-kernel-npu/actions/runs/25646366629"
"25633587319","daily-build-test","success","schedule","2026-05-10T16:16:05Z","add fused_qkvzba_split_reshape_cat_contiguous_kernel (#447)","","https://github.com/sgl-project/sgl-kernel-npu/actions/runs/25633587319"
"25605703253","daily-build-test","success","schedule","2026-05-09T16:14:59Z","add fused_qkvzba_split_reshape_cat_contiguous_kernel (#447)","","https://github.com/sgl-project/sgl-kernel-npu/actions/runs/25605703253"
"25594535036","daily-build-test","success","pull_request","2026-05-09T06:48:23Z","[CI] Introduce uv to accelerate pip install","","https://github.com/sgl-project/sgl-kernel-npu/actions/runs/25594535036"
"25566891077","daily-build-test","success","schedule","2026-05-08T16:26:43Z","add fused_qkvzba_split_reshape_cat_contiguous_kernel (#447)","","https://github.com/sgl-project/sgl-kernel-npu/actions/runs/25566891077"
"25508831751","daily-build-test","success","schedule","2026-05-07T16:32:03Z","add fused_qkvzba_split_reshape_cat_contiguous_kernel (#447)","","https://github.com/sgl-project/sgl-kernel-npu/actions/runs/25508831751"
"25447892045","daily-build-test","success","schedule","2026-05-06T16:29:45Z","Add new attention and normalization kernels (#443)","","https://github.com/sgl-project/sgl-kernel-npu/actions/runs/25447892045"
"25388912689","daily-build-test","failure","schedule","2026-05-05T16:29:29Z","bump version to 2026.05.01 (#459)","","https://github.com/sgl-project/sgl-kernel-npu/actions/runs/25388912689"
"25330519643","daily-build-test","success","schedule","2026-05-04T16:30:38Z","bump version to 2026.05.01 (#459)","","https://github.com/sgl-project/sgl-kernel-npu/actions/runs/25330519643"
"25284207010","daily-build-test","success","schedule","2026-05-03T16:13:25Z","bump version to 2026.05.01 (#459)","","https://github.com/sgl-project/sgl-kernel-npu/actions/runs/25284207010"
"25256156956","daily-build-test","success","schedule","2026-05-02T16:13:09Z","update readme for free environment (#456)","","https://github.com/sgl-project/sgl-kernel-npu/actions/runs/25256156956"
"25222227096","daily-build-test","success","schedule","2026-05-01T16:17:35Z","update readme for free environment (#456)","","https://github.com/sgl-project/sgl-kernel-npu/actions/runs/25222227096"
"25177031813","daily-build-test","success","schedule","2026-04-30T16:28:20Z","update readme for free environment (#456)","","https://github.com/sgl-project/sgl-kernel-npu/actions/runs/25177031813"
"25121090932","daily-build-test","success","schedule","2026-04-29T16:30:11Z","Update README.md (#457)","","https://github.com/sgl-project/sgl-kernel-npu/actions/runs/25121090932"
"25065221346","daily-build-test","success","schedule","2026-04-28T16:32:22Z","bugfix: Add activation  settment to torch_causal_conv1d_update_npu (#449)","","https://github.com/sgl-project/sgl-kernel-npu/actions/runs/25065221346"
"25007130582","daily-build-test","success","schedule","2026-04-27T16:30:06Z","Add conv1d update mtp triton kernel. Adapt speculative decoding for update (#445)","","https://github.com/sgl-project/sgl-kernel-npu/actions/runs/25007130582"
"24961106823","daily-build-test","success","schedule","2026-04-26T16:11:08Z","Add conv1d update mtp triton kernel. Adapt speculative decoding for update (#445)","","https://github.com/sgl-project/sgl-kernel-npu/actions/runs/24961106823"
"24935010446","daily-build-test","success","schedule","2026-04-25T16:09:46Z","Add conv1d update mtp triton kernel. Adapt speculative decoding for update (#445)","","https://github.com/sgl-project/sgl-kernel-npu/actions/runs/24935010446"
"24899819555","daily-build-test","success","schedule","2026-04-24T16:17:21Z","Add conv1d update mtp triton kernel. Adapt speculative decoding for update (#445)","","https://github.com/sgl-project/sgl-kernel-npu/actions/runs/24899819555"
"24846694695","daily-build-test","success","schedule","2026-04-23T16:29:54Z","Add conv1d update mtp triton kernel. Adapt speculative decoding for update (#445)","","https://github.com/sgl-project/sgl-kernel-npu/actions/runs/24846694695"
"24789677114","daily-build-test","success","schedule","2026-04-22T16:21:06Z","Add conv1d update mtp triton kernel. Adapt speculative decoding for update (#445)","","https://github.com/sgl-project/sgl-kernel-npu/actions/runs/24789677114"
"24733743908","daily-build-test","success","schedule","2026-04-21T16:22:05Z","The A3 normal operator is modified to support a maximum of 128K long sequences. (#435)","","https://github.com/sgl-project/sgl-kernel-npu/actions/runs/24733743908"
"24677768622","daily-build-test","failure","schedule","2026-04-20T16:23:10Z","The A3 normal operator is modified to support a maximum of 128K long sequences. (#435)","","https://github.com/sgl-project/sgl-kernel-npu/actions/runs/24677768622"
"24633351698","daily-build-test","success","schedule","2026-04-19T16:08:19Z","The A3 normal operator is modified to support a maximum of 128K long sequences. (#435)","","https://github.com/sgl-project/sgl-kernel-npu/actions/runs/24633351698"
"24608571176","daily-build-test","success","schedule","2026-04-18T16:08:27Z","The A3 normal operator is modified to support a maximum of 128K long sequences. (#435)","","https://github.com/sgl-project/sgl-kernel-npu/actions/runs/24608571176"
"24575224086","daily-build-test","success","schedule","2026-04-17T16:17:56Z","The A3 normal operator is modified to support a maximum of 128K long sequences. (#435)","","https://github.com/sgl-project/sgl-kernel-npu/actions/runs/24575224086"
"24521797601","daily-build-test","success","schedule","2026-04-16T16:28:50Z","The A3 normal operator is modified to support a maximum of 128K long sequences. (#435)","","https://github.com/sgl-project/sgl-kernel-npu/actions/runs/24521797601"
"24465581160","daily-build-test","success","schedule","2026-04-15T16:19:19Z","The A3 normal operator is modified to support a maximum of 128K long sequences. (#435)","","https://github.com/sgl-project/sgl-kernel-npu/actions/runs/24465581160"
"24410455184","daily-build-test","success","schedule","2026-04-14T16:22:19Z","The A3 normal operator is modified to support a maximum of 128K long sequences. (#435)","","https://github.com/sgl-project/sgl-kernel-npu/actions/runs/24410455184"
"24354393990","daily-build-test","failure","schedule","2026-04-13T16:24:11Z","move fused_gdn_gating_kernel_without_sigmoid from sglang to sgl-kerne… (#429)","","https://github.com/sgl-project/sgl-kernel-npu/actions/runs/24354393990"
"24310778321","daily-build-test","success","schedule","2026-04-12T16:07:48Z","fix safety problems (#437)","","https://github.com/sgl-project/sgl-kernel-npu/actions/runs/24310778321"
"24286265641","daily-build-test","success","schedule","2026-04-11T16:05:35Z","Enhance the generality of kernels merge_16x16_to_64x64_inverse_kernel_reorder_all_masked and _layer_norm_fwd_1pass_kernel_npu (#434)","","https://github.com/sgl-project/sgl-kernel-npu/actions/runs/24286265641"
"24252567508","daily-build-test","success","schedule","2026-04-10T16:15:35Z","Enhance the generality of kernels merge_16x16_to_64x64_inverse_kernel_reorder_all_masked and _layer_norm_fwd_1pass_kernel_npu (#434)","","https://github.com/sgl-project/sgl-kernel-npu/actions/runs/24252567508"
"24201308074","daily-build-test","success","schedule","2026-04-09T16:26:20Z","Enhance the generality of kernels merge_16x16_to_64x64_inverse_kernel_reorder_all_masked and _layer_norm_fwd_1pass_kernel_npu (#434)","","https://github.com/sgl-project/sgl-kernel-npu/actions/runs/24201308074"
"24146337447","daily-build-test","success","schedule","2026-04-08T16:23:05Z","Fix lint error (#427)","","https://github.com/sgl-project/sgl-kernel-npu/actions/runs/24146337447"
"24092116653","daily-build-test","success","schedule","2026-04-07T16:20:33Z","add c source utils functions license (#426)","","https://github.com/sgl-project/sgl-kernel-npu/actions/runs/24092116653"
"24039611057","daily-build-test","success","schedule","2026-04-06T16:12:52Z","adpat move_intermediate_cache for sglang prefix + mtp (#422)","","https://github.com/sgl-project/sgl-kernel-npu/actions/runs/24039611057"
"24005245579","daily-build-test","success","schedule","2026-04-05T16:05:47Z","adpat move_intermediate_cache for sglang prefix + mtp (#422)","","https://github.com/sgl-project/sgl-kernel-npu/actions/runs/24005245579"
"23982512045","daily-build-test","success","schedule","2026-04-04T16:05:58Z","adpat move_intermediate_cache for sglang prefix + mtp (#422)","","https://github.com/sgl-project/sgl-kernel-npu/actions/runs/23982512045"
"23952902385","daily-build-test","success","schedule","2026-04-03T16:08:55Z","adpat move_intermediate_cache for sglang prefix + mtp (#422)","","https://github.com/sgl-project/sgl-kernel-npu/actions/runs/23952902385"
"23910327988","daily-build-test","success","schedule","2026-04-02T16:17:15Z","fix init kCandidates array bug (#423)","","https://github.com/sgl-project/sgl-kernel-npu/actions/runs/23910327988"
"23883927243","daily-build-test","success","pull_request","2026-04-02T04:31:40Z","feat: add cache env vars to remaining CI jobs","","https://github.com/sgl-project/sgl-kernel-npu/actions/runs/23883927243"
"23858840366","daily-build-test","failure","schedule","2026-04-01T16:17:57Z","feat: add mamba cache state update (#403)","","https://github.com/sgl-project/sgl-kernel-npu/actions/runs/23858840366"
"23841248684","daily-build-test","failure","pull_request","2026-04-01T09:14:35Z","torch cache Adapt","","https://github.com/sgl-project/sgl-kernel-npu/actions/runs/23841248684"
"23807803619","daily-build-test","failure","schedule","2026-03-31T16:19:17Z","add kernel conv1d_update (#407)","","https://github.com/sgl-project/sgl-kernel-npu/actions/runs/23807803619"
"23755226900","daily-build-test","failure","schedule","2026-03-30T16:18:53Z","add recurrent_gated_delta_rule kernel (#399)","","https://github.com/sgl-project/sgl-kernel-npu/actions/runs/23755226900"
"23713163410","daily-build-test","failure","schedule","2026-03-29T16:05:41Z","speculative decoding support 16 draft token (#411)","","https://github.com/sgl-project/sgl-kernel-npu/actions/runs/23713163410"
"23688955145","daily-build-test","failure","schedule","2026-03-28T16:05:00Z","speculative decoding support 16 draft token (#411)","","https://github.com/sgl-project/sgl-kernel-npu/actions/runs/23688955145"
"23656054694","daily-build-test","success","schedule","2026-03-27T16:15:34Z","refactor(mamba): simplify final_states gather into single chained expression (#406)","","https://github.com/sgl-project/sgl-kernel-npu/actions/runs/23656054694"
"23605497652","daily-build-test","failure","schedule","2026-03-26T16:23:03Z","refactor(mamba): simplify final_states gather into single chained expression (#406)","","https://github.com/sgl-project/sgl-kernel-npu/actions/runs/23605497652"
"23551848253","daily-build-test","failure","schedule","2026-03-25T16:23:03Z","add kernel fused qkvzba split reshape cat (#394)","","https://github.com/sgl-project/sgl-kernel-npu/actions/runs/23551848253"
"23500167304","daily-build-test","success","schedule","2026-03-24T16:20:11Z","add kernel fused qkvzba split reshape cat (#394)","","https://github.com/sgl-project/sgl-kernel-npu/actions/runs/23500167304"
"23447670493","daily-build-test","success","schedule","2026-03-23T16:16:39Z","add kernel fused qkvzba split reshape cat (#394)","","https://github.com/sgl-project/sgl-kernel-npu/actions/runs/23447670493"
"23406915328","daily-build-test","success","schedule","2026-03-22T16:03:07Z","add kernel fused qkvzba split reshape cat (#394)","","https://github.com/sgl-project/sgl-kernel-npu/actions/runs/23406915328"
"23383377310","daily-build-test","success","schedule","2026-03-21T16:03:26Z","add kernel fused qkvzba split reshape cat (#394)","","https://github.com/sgl-project/sgl-kernel-npu/actions/runs/23383377310"
"23351649449","daily-build-test","success","schedule","2026-03-20T16:11:07Z","add kernel fused qkvzba split reshape cat (#394)","","https://github.com/sgl-project/sgl-kernel-npu/actions/runs/23351649449"
"23304813137","daily-build-test","success","schedule","2026-03-19T16:16:07Z","add kernel fused qkvzba split reshape cat (#394)","","https://github.com/sgl-project/sgl-kernel-npu/actions/runs/23304813137"
"23255095538","daily-build-test","success","schedule","2026-03-18T16:21:03Z","add kernel fused qkvzba split reshape cat (#394)","","https://github.com/sgl-project/sgl-kernel-npu/actions/runs/23255095538"
"23204584261","daily-build-test","success","schedule","2026-03-17T16:21:18Z","deepep support different fuse_mode for dispatch_ffn_combine (#397)","","https://github.com/sgl-project/sgl-kernel-npu/actions/runs/23204584261"
"23154000420","daily-build-test","success","schedule","2026-03-16T16:20:03Z","deepep support different fuse_mode for dispatch_ffn_combine (#397)","","https://github.com/sgl-project/sgl-kernel-npu/actions/runs/23154000420"
"23114023383","daily-build-test","success","schedule","2026-03-15T16:04:13Z","support multiple torch version (#398)","","https://github.com/sgl-project/sgl-kernel-npu/actions/runs/23114023383"
"23091400729","daily-build-test","success","schedule","2026-03-14T16:03:30Z","support multiple torch version (#398)","","https://github.com/sgl-project/sgl-kernel-npu/actions/runs/23091400729"
"23059605704","daily-build-test","success","schedule","2026-03-13T16:08:44Z","support multiple torch version (#398)","","https://github.com/sgl-project/sgl-kernel-npu/actions/runs/23059605704"
"23012150107","daily-build-test","success","schedule","2026-03-12T16:20:03Z","add fused scale shift kernel (#393)","","https://github.com/sgl-project/sgl-kernel-npu/actions/runs/23012150107"
"22962512274","daily-build-test","success","schedule","2026-03-11T16:14:32Z","Supports batched causal_conv1d (#389)","","https://github.com/sgl-project/sgl-kernel-npu/actions/runs/22962512274"
"22912539076","daily-build-test","success","schedule","2026-03-10T16:18:49Z","Add rmsnorm_bias and mul_add ops (#375)","","https://github.com/sgl-project/sgl-kernel-npu/actions/runs/22912539076"
"22863108710","daily-build-test","success","schedule","2026-03-09T16:18:08Z","Add rmsnorm_bias and mul_add ops (#375)","","https://github.com/sgl-project/sgl-kernel-npu/actions/runs/22863108710"
"22824659344","daily-build-test","success","schedule","2026-03-08T16:02:33Z","Add rmsnorm_bias and mul_add ops (#375)","","https://github.com/sgl-project/sgl-kernel-npu/actions/runs/22824659344"
"22802311658","daily-build-test","success","schedule","2026-03-07T16:02:14Z","Add rmsnorm_bias and mul_add ops (#375)","","https://github.com/sgl-project/sgl-kernel-npu/actions/runs/22802311658"
"22771495981","daily-build-test","success","schedule","2026-03-06T16:08:10Z","Add rmsnorm_bias and mul_add ops (#375)","","https://github.com/sgl-project/sgl-kernel-npu/actions/runs/22771495981"
"22727011083","daily-build-test","failure","schedule","2026-03-05T16:14:32Z","Add rmsnorm_bias and mul_add ops (#375)","","https://github.com/sgl-project/sgl-kernel-npu/actions/runs/22727011083"
"22677953475","daily-build-test","success","schedule","2026-03-04T16:09:40Z","update mix test and low lantency test for dynamic-tokens. (#376)","","https://github.com/sgl-project/sgl-kernel-npu/actions/runs/22677953475"
"22631914477","daily-build-test","success","schedule","2026-03-03T16:12:52Z","[WIP] Fix bs zero for deepep (#385)","","https://github.com/sgl-project/sgl-kernel-npu/actions/runs/22631914477"
"22584541575","daily-build-test","success","schedule","2026-03-02T16:09:26Z","[WIP] Fix bs zero for deepep (#385)","","https://github.com/sgl-project/sgl-kernel-npu/actions/runs/22584541575"
"22547088096","daily-build-test","success","schedule","2026-03-01T16:02:23Z","bump version to 2026.03.01 (#388)","","https://github.com/sgl-project/sgl-kernel-npu/actions/runs/22547088096"
"22524065311","daily-build-test","success","schedule","2026-02-28T16:02:16Z","feat:[fused_sigmoid_gating_delta_rule_update_npu_kernel] support kda feature--to be aligned with sgl-kernel, for model kimi-linear (#371)","","https://github.com/sgl-project/sgl-kernel-npu/actions/runs/22524065311"
"22493822190","daily-build-test","success","schedule","2026-02-27T16:08:00Z","Fix the bug that the layout kernel crashed when the num of experts is no less than 384 (#383)","","https://github.com/sgl-project/sgl-kernel-npu/actions/runs/22493822190"
"22450711552","daily-build-test","success","schedule","2026-02-26T16:16:04Z","adapt sglang (#357)","","https://github.com/sgl-project/sgl-kernel-npu/actions/runs/22450711552"
"22405730615","daily-build-test","success","schedule","2026-02-25T16:22:26Z","Update layernorm_gated.py (#378)","","https://github.com/sgl-project/sgl-kernel-npu/actions/runs/22405730615"
"22359692870","daily-build-test","success","schedule","2026-02-24T16:19:46Z","Update layernorm_gated.py (#378)","","https://github.com/sgl-project/sgl-kernel-npu/actions/runs/22359692870"
"22314613432","daily-build-test","success","schedule","2026-02-23T16:15:56Z","Update layernorm_gated.py (#378)","","https://github.com/sgl-project/sgl-kernel-npu/actions/runs/22314613432"
"22280497351","daily-build-test","success","schedule","2026-02-22T16:03:17Z","Update layernorm_gated.py (#378)","","https://github.com/sgl-project/sgl-kernel-npu/actions/runs/22280497351"
"22259847953","daily-build-test","success","schedule","2026-02-21T16:03:11Z","Update layernorm_gated.py (#378)","","https://github.com/sgl-project/sgl-kernel-npu/actions/runs/22259847953"
"22231437283","daily-build-test","success","schedule","2026-02-20T16:08:42Z","Update layernorm_gated.py (#378)","","https://github.com/sgl-project/sgl-kernel-npu/actions/runs/22231437283"
"22189931149","daily-build-test","success","schedule","2026-02-19T16:14:54Z","Update layernorm_gated.py (#378)","","https://github.com/sgl-project/sgl-kernel-npu/actions/runs/22189931149"
"22147787839","daily-build-test","success","schedule","2026-02-18T16:16:47Z","Update layernorm_gated.py (#378)","","https://github.com/sgl-project/sgl-kernel-npu/actions/runs/22147787839"
"22106229940","daily-build-test","success","schedule","2026-02-17T16:16:27Z","Update layernorm_gated.py (#378)","","https://github.com/sgl-project/sgl-kernel-npu/actions/runs/22106229940"
"22069939623","daily-build-test","success","schedule","2026-02-16T16:11:10Z","Update layernorm_gated.py (#378)","","https://github.com/sgl-project/sgl-kernel-npu/actions/runs/22069939623"
"22020290381","daily-build-test","success","schedule","2026-02-14T16:03:33Z","support qwen3.5 (#377)","","https://github.com/sgl-project/sgl-kernel-npu/actions/runs/22020290381"
"21993891778","daily-build-test","success","schedule","2026-02-13T16:12:23Z","CI execution requirements for separating a2 and a3 (#367)","","https://github.com/sgl-project/sgl-kernel-npu/actions/runs/21993891778"
"21954665217","daily-build-test","success","schedule","2026-02-12T16:16:27Z","CI execution requirements for separating a2 and a3 (#367)","","https://github.com/sgl-project/sgl-kernel-npu/actions/runs/21954665217"
"21913212336","daily-build-test","success","schedule","2026-02-11T16:20:15Z","Merge pull request #373 from cen121212/2-11-main","","https://github.com/sgl-project/sgl-kernel-npu/actions/runs/21913212336"
"21873023857","daily-build-test","success","schedule","2026-02-10T16:20:33Z","CI execution requirements for separating a2 and a3 (#367)","","https://github.com/sgl-project/sgl-kernel-npu/actions/runs/21873023857"
"21832828070","daily-build-test","success","schedule","2026-02-09T16:18:52Z","CI execution requirements for separating a2 and a3 (#367)","","https://github.com/sgl-project/sgl-kernel-npu/actions/runs/21832828070"
"21801122682","daily-build-test","success","schedule","2026-02-08T16:04:11Z","CI execution requirements for separating a2 and a3 (#367)","","https://github.com/sgl-project/sgl-kernel-npu/actions/runs/21801122682"
"21782833370","daily-build-test","failure","schedule","2026-02-07T16:03:16Z","CI execution requirements for separating a2 and a3 (#367)","","https://github.com/sgl-project/sgl-kernel-npu/actions/runs/21782833370"
"21757298746","daily-build-test","success","schedule","2026-02-06T16:10:09Z","CI execution requirements for separating a2 and a3 (#367)","","https://github.com/sgl-project/sgl-kernel-npu/actions/runs/21757298746"
"21719074477","daily-build-test","success","schedule","2026-02-05T16:12:45Z","CI execution requirements for separating a2 and a3 (#367)","","https://github.com/sgl-project/sgl-kernel-npu/actions/runs/21719074477"
"21679041603","daily-build-test","failure","schedule","2026-02-04T16:13:03Z","Revert ""Build the deepep package with the chip model included. (#274)"" (#363)","","https://github.com/sgl-project/sgl-kernel-npu/actions/runs/21679041603"
"21637952205","daily-build-test","success","schedule","2026-02-03T16:14:59Z","fix:buffer control (#361)","","https://github.com/sgl-project/sgl-kernel-npu/actions/runs/21637952205"
"21597591503","daily-build-test","success","schedule","2026-02-02T16:06:39Z","Cover the workflows cases on a3 (#321)","","https://github.com/sgl-project/sgl-kernel-npu/actions/runs/21597591503"
"21565930021","daily-build-test","success","schedule","2026-02-01T16:03:30Z","release follows naming convention (#356)","","https://github.com/sgl-project/sgl-kernel-npu/actions/runs/21565930021"
"21547077715","daily-build-test","success","schedule","2026-01-31T16:02:18Z","release follows naming convention (#356)","","https://github.com/sgl-project/sgl-kernel-npu/actions/runs/21547077715"
"21522253688","daily-build-test","success","schedule","2026-01-30T16:07:36Z","[Bugfix] Fix build script working with cann 8.5.0 (#354)","","https://github.com/sgl-project/sgl-kernel-npu/actions/runs/21522253688"
"21485536162","daily-build-test","success","schedule","2026-01-29T16:08:37Z","Revert ""Add scripts for building CMake files (#344)"" (#353)","","https://github.com/sgl-project/sgl-kernel-npu/actions/runs/21485536162"
"21445710151","daily-build-test","success","schedule","2026-01-28T16:06:33Z","Support x86_64 and aarch64 binary release (#325)","","https://github.com/sgl-project/sgl-kernel-npu/actions/runs/21445710151"
"21404462019","daily-build-test","success","schedule","2026-01-27T16:04:15Z","add function for deep-ep tests (#301)","","https://github.com/sgl-project/sgl-kernel-npu/actions/runs/21404462019"
"21364547806","daily-build-test","success","schedule","2026-01-26T16:04:23Z","[Doc] Improved README.md content and English grammar and integrated the DeepWiki badge for Ask AI (#345)","","https://github.com/sgl-project/sgl-kernel-npu/actions/runs/21364547806"
"21335451184","daily-build-test","success","schedule","2026-01-25T16:02:20Z","(test) add solve_tril from upstream (#339)","","https://github.com/sgl-project/sgl-kernel-npu/actions/runs/21335451184"
"21317759757","daily-build-test","success","schedule","2026-01-24T16:02:18Z","(test) add solve_tril from upstream (#339)","","https://github.com/sgl-project/sgl-kernel-npu/actions/runs/21317759757"
"26444345683","pr-test-npu","failure","pull_request","2026-05-26T09:33:44Z","fix: add dtype conversion for BF16/FP32 mismatch in deepep tests on A5","","https://github.com/sgl-project/sgl-kernel-npu/actions/runs/26444345683"
"26444086691","pr-test-npu","failure","pull_request","2026-05-26T09:28:18Z","feat: remove check in build.sh","","https://github.com/sgl-project/sgl-kernel-npu/actions/runs/26444086691"
"26443525303","pr-test-npu","failure","pull_request","2026-05-26T09:16:40Z","add testcases in sgl-kernel-npu\tests\python\sgl_kernel_npu to the workflow.","","https://github.com/sgl-project/sgl-kernel-npu/actions/runs/26443525303"
"26442305116","pr-test-npu","failure","pull_request","2026-05-26T08:50:50Z","feat: support all TP degrees where H>12","","https://github.com/sgl-project/sgl-kernel-npu/actions/runs/26442305116"
"26439062441","pr-test-npu","failure","pull_request","2026-05-26T07:38:54Z","refactor: separate submodule init and build","","https://github.com/sgl-project/sgl-kernel-npu/actions/runs/26439062441"
"26429583409","pr-test-npu","failure","pull_request","2026-05-26T02:55:09Z","fix codelint","","https://github.com/sgl-project/sgl-kernel-npu/actions/runs/26429583409"
"26402818421","pr-test-npu","failure","pull_request","2026-05-25T13:25:24Z","fix: add missing __init__.py for attention subpackage","","https://github.com/sgl-project/sgl-kernel-npu/actions/runs/26402818421"
"26390593652","pr-test-npu","failure","pull_request","2026-05-25T08:13:03Z","passed pre-commit on my machine","","https://github.com/sgl-project/sgl-kernel-npu/actions/runs/26390593652"
"26381176419","pr-test-npu","failure","pull_request","2026-05-25T03:11:33Z","Daily test: add cann8.5.0 and a2(910b) support","","https://github.com/sgl-project/sgl-kernel-npu/actions/runs/26381176419"
"26380085338","pr-test-npu","failure","pull_request","2026-05-25T02:29:23Z","Aligned torch version in the pipeline","","https://github.com/sgl-project/sgl-kernel-npu/actions/runs/26380085338"
"26380062707","pr-test-npu","failure","pull_request","2026-05-25T02:28:27Z","ci: derive CANN version dynamically in build cache key","","https://github.com/sgl-project/sgl-kernel-npu/actions/runs/26380062707"
"26359258228","pr-test-npu","failure","pull_request","2026-05-24T10:52:30Z","Updated README.md based on the comments","","https://github.com/sgl-project/sgl-kernel-npu/actions/runs/26359258228"
"26272246174","pr-test-npu","failure","pull_request","2026-05-22T06:29:50Z","style: apply black formatting to dsv4_chunked_compress files","","https://github.com/sgl-project/sgl-kernel-npu/actions/runs/26272246174"
"26267351456","pr-test-npu","failure","pull_request","2026-05-22T03:49:27Z","fix: handle division by zero in dsv4 chunked prefill compress kernel","","https://github.com/sgl-project/sgl-kernel-npu/actions/runs/26267351456"
"26264041436","pr-test-npu","failure","pull_request","2026-05-22T01:59:48Z","lint checks","","https://github.com/sgl-project/sgl-kernel-npu/actions/runs/26264041436"
"26231924596","pr-test-npu","failure","pull_request","2026-05-21T14:20:56Z","lint checks","","https://github.com/sgl-project/sgl-kernel-npu/actions/runs/26231924596"
"26229022265","pr-test-npu","failure","pull_request","2026-05-21T13:28:58Z","fix: use gathered state window for dsv4 chunked compress","","https://github.com/sgl-project/sgl-kernel-npu/actions/runs/26229022265"
"26220598121","pr-test-npu","failure","pull_request","2026-05-21T10:31:40Z","Daily test: add cann8.5.0 and a2(910b) support","","https://github.com/sgl-project/sgl-kernel-npu/actions/runs/26220598121"
"26214071948","pr-test-npu","failure","pull_request","2026-05-21T08:15:04Z","fix insert slice","","https://github.com/sgl-project/sgl-kernel-npu/actions/runs/26214071948"
"26213607951","pr-test-npu","success","pull_request","2026-05-21T08:05:02Z","test pipe line","","https://github.com/sgl-project/sgl-kernel-npu/actions/runs/26213607951"
"26213188425","pr-test-npu","failure","pull_request","2026-05-21T07:55:43Z","test pipe line","","https://github.com/sgl-project/sgl-kernel-npu/actions/runs/26213188425"
"26169674673","pr-test-npu","failure","pull_request","2026-05-20T14:37:08Z","add triton kernel swiglu-silu-clamp-mul","","https://github.com/sgl-project/sgl-kernel-npu/actions/runs/26169674673"
"26167272288","pr-test-npu","failure","pull_request","2026-05-20T13:56:11Z","Daily test: add cann8.5.0 and a2(910b) support","","https://github.com/sgl-project/sgl-kernel-npu/actions/runs/26167272288"
"26161634826","pr-test-npu","failure","pull_request","2026-05-20T12:10:42Z","add native swiglu-silu-clamp-mul","","https://github.com/sgl-project/sgl-kernel-npu/actions/runs/26161634826"
"26152306380","pr-test-npu","failure","pull_request","2026-05-20T08:58:06Z","Merge branch 'main' into add-cann9.0.0-to-a2-dailytest","","https://github.com/sgl-project/sgl-kernel-npu/actions/runs/26152306380"
"26102123802","pr-test-npu","failure","pull_request","2026-05-19T13:59:20Z","Daily test: add cann8.5.0 and a2(910b) support","","https://github.com/sgl-project/sgl-kernel-npu/actions/runs/26102123802"
"26095800853","pr-test-npu","failure","pull_request","2026-05-19T12:01:05Z","fix: allow git to run inside ci","","https://github.com/sgl-project/sgl-kernel-npu/actions/runs/26095800853"
"26088340282","pr-test-npu","failure","pull_request","2026-05-19T09:24:22Z","lint checks","","https://github.com/sgl-project/sgl-kernel-npu/actions/runs/26088340282"
"26087740898","pr-test-npu","failure","pull_request","2026-05-19T09:12:06Z","chore: satisfy linter and codegen parser","","https://github.com/sgl-project/sgl-kernel-npu/actions/runs/26087740898"
"26086689989","pr-test-npu","success","pull_request","2026-05-19T08:50:40Z","cann9.0.0 pr-test-npu-test","","https://github.com/sgl-project/sgl-kernel-npu/actions/runs/26086689989"
"26072982670","pr-test-npu","success","pull_request","2026-05-19T02:44:26Z","fix Comment","","https://github.com/sgl-project/sgl-kernel-npu/actions/runs/26072982670"
"26072016737","pr-test-npu","success","pull_request","2026-05-19T02:13:52Z","a2 cann9.0 adapter to find moe_distribute_comm_ctx.h","","https://github.com/sgl-project/sgl-kernel-npu/actions/runs/26072016737"
"26033602744","pr-test-npu","failure","pull_request","2026-05-18T12:30:58Z","Merge remote-tracking branch 'origin/main' into feat-gdn-mega-kernel","","https://github.com/sgl-project/sgl-kernel-npu/actions/runs/26033602744"
"26030428066","pr-test-npu","success","pull_request","2026-05-18T11:23:17Z","lint checks","","https://github.com/sgl-project/sgl-kernel-npu/actions/runs/26030428066"
"26025429628","pr-test-npu","success","pull_request","2026-05-18T09:35:38Z","ci: drop hardcoded CANN version from build cache key","","https://github.com/sgl-project/sgl-kernel-npu/actions/runs/26025429628"
"26022581546","pr-test-npu","failure","pull_request","2026-05-18T08:35:40Z","style: apply black formatting to causal_conv1d.py","","https://github.com/sgl-project/sgl-kernel-npu/actions/runs/26022581546"
"26022274742","pr-test-npu","failure","pull_request","2026-05-18T08:29:05Z","Merge branch 'main' of https://github.com/sgl-project/sgl-kernel-npu into fix_al","","https://github.com/sgl-project/sgl-kernel-npu/actions/runs/26022274742"
"26019318281","pr-test-npu","success","pull_request","2026-05-18T07:20:55Z","ci: restore build cache for PR CI, with A2 wheel fix","","https://github.com/sgl-project/sgl-kernel-npu/actions/runs/26019318281"
"26018663941","pr-test-npu","success","pull_request","2026-05-18T07:04:12Z","Merge branch 'main' of https://github.com/sgl-project/sgl-kernel-npu into ccudelte","","https://github.com/sgl-project/sgl-kernel-npu/actions/runs/26018663941"
"26016881508","pr-test-npu","failure","pull_request","2026-05-18T06:16:37Z","fix: correct usage of 'al' instead of 'tl' for insert_slice in merge_16x16_to_64x64_inverse_kernel","","https://github.com/sgl-project/sgl-kernel-npu/actions/runs/26016881508"
"26012387717","pr-test-npu","failure","pull_request","2026-05-18T03:46:33Z","fix: correct usage of 'al' instead of 'tl' for insert_slice in merge_16x16_to_64x64_inverse_kernel","","https://github.com/sgl-project/sgl-kernel-npu/actions/runs/26012387717"
"26010780022","pr-test-npu","success","pull_request","2026-05-18T02:46:15Z","rollback","","https://github.com/sgl-project/sgl-kernel-npu/actions/runs/26010780022"
"26010584938","pr-test-npu","failure","pull_request","2026-05-18T02:39:10Z","Revert ""ci: add runs-on/cache to skip C++ rebuild on PR CI (#469)""","","https://github.com/sgl-project/sgl-kernel-npu/actions/runs/26010584938"
"26009944196","pr-test-npu","failure","pull_request","2026-05-18T02:15:20Z","ci: fix a2 build-cache writing A3 wheel under the A2 key","","https://github.com/sgl-project/sgl-kernel-npu/actions/runs/26009944196"
"25966362602","pr-test-npu","failure","pull_request","2026-05-16T15:58:00Z","fix conflict","","https://github.com/sgl-project/sgl-kernel-npu/actions/runs/25966362602"
"25957753115","pr-test-npu","success","pull_request","2026-05-16T08:50:32Z","rollback","","https://github.com/sgl-project/sgl-kernel-npu/actions/runs/25957753115"
"25951535225","pr-test-npu","failure","pull_request","2026-05-16T03:24:11Z","rollback","","https://github.com/sgl-project/sgl-kernel-npu/actions/runs/25951535225"
"25949701346","pr-test-npu","failure","pull_request","2026-05-16T01:50:46Z","The deep ep low-latency mode supports the CCU offload function.","","https://github.com/sgl-project/sgl-kernel-npu/actions/runs/25949701346"
"25907986003","pr-test-npu","failure","pull_request","2026-05-15T08:23:54Z","low-latency surport ccu","","https://github.com/sgl-project/sgl-kernel-npu/actions/runs/25907986003"
"25907140548","pr-test-npu","failure","pull_request","2026-05-15T07:59:28Z","fixbug","","https://github.com/sgl-project/sgl-kernel-npu/actions/runs/25907140548"
"25899581724","pr-test-npu","failure","pull_request","2026-05-15T04:04:00Z","fix bug","","https://github.com/sgl-project/sgl-kernel-npu/actions/runs/25899581724"
"25898993163","pr-test-npu","failure","pull_request","2026-05-15T03:42:49Z","fix bug","","https://github.com/sgl-project/sgl-kernel-npu/actions/runs/25898993163"
"25898553095","pr-test-npu","failure","pull_request","2026-05-15T03:26:42Z","fix bug","","https://github.com/sgl-project/sgl-kernel-npu/actions/runs/25898553095"
"25860749830","pr-test-npu","failure","pull_request","2026-05-14T12:46:02Z","update","","https://github.com/sgl-project/sgl-kernel-npu/actions/runs/25860749830"
"25852119251","pr-test-npu","failure","pull_request","2026-05-14T09:16:35Z","delete A2","","https://github.com/sgl-project/sgl-kernel-npu/actions/runs/25852119251"
"25848053722","pr-test-npu","failure","pull_request","2026-05-14T07:35:56Z","cann9.0.0 Adapt","","https://github.com/sgl-project/sgl-kernel-npu/actions/runs/25848053722"
"25842483305","pr-test-npu","success","pull_request","2026-05-14T04:54:16Z","Merge remote-tracking branch 'refs/remotes/origin/main' into 458-branch-fix-complie","","https://github.com/sgl-project/sgl-kernel-npu/actions/runs/25842483305"
"25800149949","pr-test-npu","success","pull_request","2026-05-13T12:49:48Z","fix lint and add SetCommEngine","","https://github.com/sgl-project/sgl-kernel-npu/actions/runs/25800149949"
"25796692612","pr-test-npu","success","pull_request","2026-05-13T11:38:07Z","fix lint","","https://github.com/sgl-project/sgl-kernel-npu/actions/runs/25796692612"
"25788283314","pr-test-npu","failure","pull_request","2026-05-13T08:42:23Z","fix a2 problem for TILINGKEY_A3_NO_QUANT","","https://github.com/sgl-project/sgl-kernel-npu/actions/runs/25788283314"
"25786608689","pr-test-npu","failure","pull_request","2026-05-13T08:06:45Z","chore: CANN 8.5 adaptation and platform compatibility fixes","","https://github.com/sgl-project/sgl-kernel-npu/actions/runs/25786608689"
"25785254124","pr-test-npu","failure","pull_request","2026-05-13T07:36:27Z","bugfix","","https://github.com/sgl-project/sgl-kernel-npu/actions/runs/25785254124"
"25784743465","pr-test-npu","failure","pull_request","2026-05-13T07:24:55Z","fix a2 problem for compile aclnn","","https://github.com/sgl-project/sgl-kernel-npu/actions/runs/25784743465"
"25783295755","pr-test-npu","failure","pull_request","2026-05-13T06:50:23Z","ci: upgrade CANN image to 8.5.0 in pr-test-npu","","https://github.com/sgl-project/sgl-kernel-npu/actions/runs/25783295755"
"25777692151","pr-test-npu","success","pull_request","2026-05-13T04:09:03Z","ci: upgrade CANN image to 8.5.0 and include version in cache key","","https://github.com/sgl-project/sgl-kernel-npu/actions/runs/25777692151"
"25737466071","pr-test-npu","failure","pull_request","2026-05-12T13:25:45Z","guess mc2CcTilingConfig.SetCommEngine problem","","https://github.com/sgl-project/sgl-kernel-npu/actions/runs/25737466071"
"25733340385","pr-test-npu","failure","pull_request","2026-05-12T12:06:46Z","Merge remote-tracking branch 'refs/remotes/origin/main' into 458-branch-fix-complie","","https://github.com/sgl-project/sgl-kernel-npu/actions/runs/25733340385"
"25730901169","pr-test-npu","success","pull_request","2026-05-12T11:15:44Z","chunk prefill bugfix","","https://github.com/sgl-project/sgl-kernel-npu/actions/runs/25730901169"
"25724526967","pr-test-npu","success","pull_request","2026-05-12T09:03:12Z","[CI] Remove CANN 8.3.rc2 from build matrix","","https://github.com/sgl-project/sgl-kernel-npu/actions/runs/25724526967"
"25711281240","pr-test-npu","failure","pull_request","2026-05-12T03:21:03Z","fix DSOC_VERSION error","","https://github.com/sgl-project/sgl-kernel-npu/actions/runs/25711281240"
"25654880424","pr-test-npu","failure","pull_request","2026-05-11T06:50:07Z","comment out mc2CcTilingConfig.SetCommEngine(mc2tiling::AIV_ENGINE)","","https://github.com/sgl-project/sgl-kernel-npu/actions/runs/25654880424"
"25646366628","pr-test-npu","success","pull_request","2026-05-11T01:58:50Z","[CI] Introduce uv to accelerate pip install","","https://github.com/sgl-project/sgl-kernel-npu/actions/runs/25646366628"
"25626148726","pr-test-npu","failure","pull_request","2026-05-10T10:17:23Z","fix cann8.3 SetCommEngine","","https://github.com/sgl-project/sgl-kernel-npu/actions/runs/25626148726"
"25623379201","pr-test-npu","failure","pull_request","2026-05-10T07:53:11Z","fix cann8.3 in a2","","https://github.com/sgl-project/sgl-kernel-npu/actions/runs/25623379201"
"25623012079","pr-test-npu","failure","pull_request","2026-05-10T07:33:26Z","fix cann8.3 in a2","","https://github.com/sgl-project/sgl-kernel-npu/actions/runs/25623012079"
"25618463672","pr-test-npu","failure","pull_request","2026-05-10T03:13:19Z","Adaptation of the Deepep A5 normal and low-latency operators.","","https://github.com/sgl-project/sgl-kernel-npu/actions/runs/25618463672"
"25600201400","pr-test-npu","failure","pull_request","2026-05-09T11:38:24Z","imporove perfmance for fused gdn gating","","https://github.com/sgl-project/sgl-kernel-npu/actions/runs/25600201400"
"25598259743","pr-test-npu","success","pull_request","2026-05-09T09:57:22Z","Enhance data preparation in causal_conv1d by adding null checks for conv_states and cache_indices","","https://github.com/sgl-project/sgl-kernel-npu/actions/runs/25598259743"
"25594535035","pr-test-npu","failure","pull_request","2026-05-09T06:48:23Z","[CI] Introduce uv to accelerate pip install","","https://github.com/sgl-project/sgl-kernel-npu/actions/runs/25594535035"
"25545786329","pr-test-npu","failure","pull_request","2026-05-08T08:34:33Z","fix ASC can not find problem","","https://github.com/sgl-project/sgl-kernel-npu/actions/runs/25545786329"
"25496746290","pr-test-npu","failure","pull_request","2026-05-07T12:48:56Z","Adaptation of the Deepep A5 normal and low-latency operators.","","https://github.com/sgl-project/sgl-kernel-npu/actions/runs/25496746290"
"25483875279","pr-test-npu","success","pull_request","2026-05-07T08:06:59Z","fix lint","","https://github.com/sgl-project/sgl-kernel-npu/actions/runs/25483875279"
"25413991266","pr-test-npu","success","pull_request","2026-05-06T02:56:18Z","temp","","https://github.com/sgl-project/sgl-kernel-npu/actions/runs/25413991266"
"25377707639","pr-test-npu","success","pull_request","2026-05-05T12:57:03Z","Update build.sh","","https://github.com/sgl-project/sgl-kernel-npu/actions/runs/25377707639"
"25364915012","pr-test-npu","failure","pull_request","2026-05-05T08:04:28Z","Update build.sh","","https://github.com/sgl-project/sgl-kernel-npu/actions/runs/25364915012"
"25317371038","pr-test-npu","failure","pull_request","2026-05-04T11:51:38Z","fix lint","","https://github.com/sgl-project/sgl-kernel-npu/actions/runs/25317371038"
"25310696362","pr-test-npu","failure","pull_request","2026-05-04T09:09:27Z","Update build.sh","","https://github.com/sgl-project/sgl-kernel-npu/actions/runs/25310696362"
"25258792090","pr-test-npu","failure","pull_request","2026-05-02T18:27:15Z","Merge branch 'main' into svoloch_add_attentions","","https://github.com/sgl-project/sgl-kernel-npu/actions/runs/25258792090"
"25157009196","pr-test-npu","success","pull_request","2026-04-30T09:05:14Z","add solve tril","","https://github.com/sgl-project/sgl-kernel-npu/actions/runs/25157009196"
"25151214295","pr-test-npu","success","pull_request","2026-04-30T06:37:57Z","fix: ensure chunk_indices are moved to the correct device in multiple functions","","https://github.com/sgl-project/sgl-kernel-npu/actions/runs/25151214295"
"25150591402","pr-test-npu","failure","pull_request","2026-04-30T06:18:58Z","Adaptation of the Deepep A5 normal and low-latency operators.","","https://github.com/sgl-project/sgl-kernel-npu/actions/runs/25150591402"
"25146452270","pr-test-npu","failure","pull_request","2026-04-30T03:53:14Z","Adaptation of the Deepep A5 normal and low-latency operators.","","https://github.com/sgl-project/sgl-kernel-npu/actions/runs/25146452270"
