"RunId","WorkflowName","RunConclusion","JobId","JobName","JobConclusion","StartedAt","CompletedAt","DurationMin","RunnerName","StepsCount","FailedSteps"
"26213188353","build_and_release","failure","77128877155","build-and-release (x86_64, 910b, 8.5.0, 2.8.0)","failure","2026-05-21T07:55:46Z","2026-05-21T07:57:54Z","2.13","GitHub Actions 1001091824","14","Build SGL-Kernel-NPU"
"26213188353","build_and_release","failure","77128877161","build-and-release (x86_64, 910b, 9.0.0, 2.10.0)","cancelled","2026-05-21T07:55:45Z","2026-05-21T07:57:57Z","2.2","GitHub Actions 1001091825","14",""
"26213188353","build_and_release","failure","77128877165","build-and-release (aarch64, a3, 9.0.0, 2.10.0)","cancelled","2026-05-21T07:55:46Z","2026-05-21T07:57:59Z","2.22","GitHub Actions 1001091820","13",""
"26213188353","build_and_release","failure","77128877166","build-and-release (aarch64, a3, 8.5.0, 2.10.0)","cancelled","2026-05-21T07:55:47Z","2026-05-21T07:57:58Z","2.18","GitHub Actions 1001091817","14",""
"26213188353","build_and_release","failure","77128877169","build-and-release (aarch64, 910b, 8.5.0, 2.10.0)","cancelled","2026-05-21T07:55:46Z","2026-05-21T07:57:58Z","2.2","GitHub Actions 1001091822","14",""
"26213188353","build_and_release","failure","77128877172","build-and-release (aarch64, a3, 8.5.0, 2.8.0)","cancelled","2026-05-21T07:55:46Z","2026-05-21T07:57:59Z","2.22","GitHub Actions 1001091819","13",""
"26213188353","build_and_release","failure","77128877175","build-and-release (aarch64, 910b, 9.0.0, 2.8.0)","cancelled","2026-05-21T07:55:46Z","2026-05-21T07:57:59Z","2.22","GitHub Actions 1001091821","13",""
"26213188353","build_and_release","failure","77128877177","build-and-release (x86_64, a3, 8.5.0, 2.10.0)","cancelled","2026-05-21T07:55:45Z","2026-05-21T07:57:57Z","2.2","GitHub Actions 1001091828","14",""
"26213188353","build_and_release","failure","77128877181","build-and-release (x86_64, 910b, 8.5.0, 2.10.0)","cancelled","2026-05-21T07:55:46Z","2026-05-21T07:58:01Z","2.25","GitHub Actions 1001091830","14",""
"26213188353","build_and_release","failure","77128877196","build-and-release (x86_64, a3, 8.5.0, 2.8.0)","cancelled","2026-05-21T07:55:46Z","2026-05-21T07:58:01Z","2.25","GitHub Actions 1001091826","14",""
"26213188353","build_and_release","failure","77128877201","build-and-release (aarch64, a3, 9.0.0, 2.8.0)","cancelled","2026-05-21T07:55:46Z","2026-05-21T07:57:58Z","2.2","GitHub Actions 1001091818","13",""
"26213188353","build_and_release","failure","77128877205","build-and-release (aarch64, 910b, 9.0.0, 2.10.0)","cancelled","2026-05-21T07:55:46Z","2026-05-21T07:57:58Z","2.2","GitHub Actions 1001091816","13",""
"26213188353","build_and_release","failure","77128877215","build-and-release (x86_64, a3, 9.0.0, 2.8.0)","cancelled","2026-05-21T07:55:46Z","2026-05-21T07:58:02Z","2.27","GitHub Actions 1001091827","14",""
"26213188353","build_and_release","failure","77128877237","build-and-release (x86_64, a3, 9.0.0, 2.10.0)","cancelled","2026-05-21T07:55:46Z","2026-05-21T07:57:58Z","2.2","GitHub Actions 1001091831","13",""
"26213188353","build_and_release","failure","77128877267","build-and-release (x86_64, 910b, 9.0.0, 2.8.0)","cancelled","2026-05-21T07:55:47Z","2026-05-21T07:57:58Z","2.18","GitHub Actions 1001091829","14",""
"26213188353","build_and_release","failure","77128877323","build-and-release (aarch64, 910b, 8.5.0, 2.8.0)","cancelled","2026-05-21T07:55:46Z","2026-05-21T07:57:58Z","2.2","GitHub Actions 1001091823","13",""
"26212747717","build_and_release","failure","77127408593","build-and-release (x86_64, 910b, 9.0.0, 2.10.0)","cancelled","2026-05-21T07:45:59Z","2026-05-21T07:48:20Z","2.35","GitHub Actions 1001091603","14",""
"26212747717","build_and_release","failure","77127408596","build-and-release (x86_64, 910b, 9.0.0, 2.8.0)","cancelled","2026-05-21T07:45:59Z","2026-05-21T07:48:17Z","2.3","GitHub Actions 1001091602","13",""
"26212747717","build_and_release","failure","77127408598","build-and-release (x86_64, 910b, 8.5.0, 2.10.0)","failure","2026-05-21T07:45:59Z","2026-05-21T07:48:15Z","2.27","GitHub Actions 1001091600","14","Build SGL-Kernel-NPU"
"26212747717","build_and_release","failure","77127408605","build-and-release (aarch64, 910b, 9.0.0, 2.10.0)","cancelled","2026-05-21T07:45:59Z","2026-05-21T07:48:17Z","2.3","GitHub Actions 1001091592","13",""
"26212747717","build_and_release","failure","77127408606","build-and-release (aarch64, 910b, 8.5.0, 2.10.0)","cancelled","2026-05-21T07:45:59Z","2026-05-21T07:48:18Z","2.32","GitHub Actions 1001091595","14",""
"26212747717","build_and_release","failure","77127408611","build-and-release (aarch64, 910b, 9.0.0, 2.8.0)","cancelled","2026-05-21T07:46:00Z","2026-05-21T07:48:20Z","2.33","GitHub Actions 1001091594","13",""
"26212747717","build_and_release","failure","77127408623","build-and-release (x86_64, 910b, 8.5.0, 2.8.0)","cancelled","2026-05-21T07:45:59Z","2026-05-21T07:48:20Z","2.35","GitHub Actions 1001091604","14",""
"26212747717","build_and_release","failure","77127408635","build-and-release (x86_64, a3, 8.5.0, 2.8.0)","cancelled","2026-05-21T07:45:59Z","2026-05-21T07:48:21Z","2.37","GitHub Actions 1001091605","14",""
"26212747717","build_and_release","failure","77127408648","build-and-release (aarch64, a3, 8.5.0, 2.10.0)","cancelled","2026-05-21T07:45:59Z","2026-05-21T07:48:19Z","2.33","GitHub Actions 1001091598","14",""
"26212747717","build_and_release","failure","77127408649","build-and-release (x86_64, a3, 9.0.0, 2.8.0)","cancelled","2026-05-21T07:45:59Z","2026-05-21T07:48:19Z","2.33","GitHub Actions 1001091601","14",""
"26212747717","build_and_release","failure","77127408652","build-and-release (aarch64, a3, 8.5.0, 2.8.0)","cancelled","2026-05-21T07:45:59Z","2026-05-21T07:48:18Z","2.32","GitHub Actions 1001091593","13",""
"26212747717","build_and_release","failure","77127408661","build-and-release (aarch64, 910b, 8.5.0, 2.8.0)","cancelled","2026-05-21T07:45:59Z","2026-05-21T07:48:19Z","2.33","GitHub Actions 1001091597","14",""
"26212747717","build_and_release","failure","77127408665","build-and-release (aarch64, a3, 9.0.0, 2.8.0)","cancelled","2026-05-21T07:45:59Z","2026-05-21T07:48:21Z","2.37","GitHub Actions 1001091596","13",""
"26212747717","build_and_release","failure","77127408670","build-and-release (x86_64, a3, 9.0.0, 2.10.0)","cancelled","2026-05-21T07:45:59Z","2026-05-21T07:48:18Z","2.32","GitHub Actions 1001091606","13",""
"26212747717","build_and_release","failure","77127408731","build-and-release (x86_64, a3, 8.5.0, 2.10.0)","cancelled","2026-05-21T07:45:59Z","2026-05-21T07:48:19Z","2.33","GitHub Actions 1001091607","14",""
"26212747717","build_and_release","failure","77127408755","build-and-release (aarch64, a3, 9.0.0, 2.10.0)","cancelled","2026-05-21T07:46:00Z","2026-05-21T07:48:18Z","2.3","GitHub Actions 1001091599","14",""
"26138650165","build_and_release","success","76879192287","build-and-release (x86_64, 910b, 8.5.0, 2.8.0)","success","2026-05-20T03:03:35Z","2026-05-20T03:41:40Z","38.08","GitHub Actions 1001060286","14",""
"26138650165","build_and_release","success","76879192289","build-and-release (x86_64, a3, 8.5.0, 2.10.0)","success","2026-05-20T03:03:35Z","2026-05-20T03:46:46Z","43.18","GitHub Actions 1001060289","14",""
"26138650165","build_and_release","success","76879192294","build-and-release (x86_64, 910b, 9.0.0, 2.10.0)","success","2026-05-20T03:03:36Z","2026-05-20T03:48:29Z","44.88","GitHub Actions 1001060287","14",""
"26138650165","build_and_release","success","76879192295","build-and-release (aarch64, 910b, 9.0.0, 2.8.0)","success","2026-05-20T03:03:36Z","2026-05-20T03:32:50Z","29.23","GitHub Actions 1001060290","14",""
"26138650165","build_and_release","success","76879192299","build-and-release (x86_64, a3, 8.5.0, 2.8.0)","success","2026-05-20T03:03:35Z","2026-05-20T03:45:09Z","41.57","GitHub Actions 1001060296","14",""
"26138650165","build_and_release","success","76879192304","build-and-release (aarch64, 910b, 9.0.0, 2.10.0)","success","2026-05-20T03:03:36Z","2026-05-20T03:34:29Z","30.88","GitHub Actions 1001060291","14",""
"26138650165","build_and_release","success","76879192306","build-and-release (aarch64, 910b, 8.5.0, 2.8.0)","success","2026-05-20T03:03:35Z","2026-05-20T03:31:16Z","27.68","GitHub Actions 1001060294","14",""
"26138650165","build_and_release","success","76879192307","build-and-release (aarch64, a3, 8.5.0, 2.10.0)","success","2026-05-20T03:03:35Z","2026-05-20T03:31:00Z","27.42","GitHub Actions 1001060293","14",""
"26138650165","build_and_release","success","76879192308","build-and-release (x86_64, 910b, 8.5.0, 2.10.0)","success","2026-05-20T03:03:37Z","2026-05-20T03:46:32Z","42.92","GitHub Actions 1001060285","14",""
"26138650165","build_and_release","success","76879192313","build-and-release (x86_64, a3, 9.0.0, 2.8.0)","success","2026-05-20T03:03:35Z","2026-05-20T03:45:46Z","42.18","GitHub Actions 1001060284","14",""
"26138650165","build_and_release","success","76879192318","build-and-release (x86_64, 910b, 9.0.0, 2.8.0)","success","2026-05-20T03:03:36Z","2026-05-20T03:47:06Z","43.5","GitHub Actions 1001060288","14",""
"26138650165","build_and_release","success","76879192345","build-and-release (aarch64, a3, 9.0.0, 2.10.0)","success","2026-05-20T03:03:35Z","2026-05-20T03:32:15Z","28.67","GitHub Actions 1001060295","14",""
"26138650165","build_and_release","success","76879192347","build-and-release (aarch64, a3, 9.0.0, 2.8.0)","success","2026-05-20T03:03:35Z","2026-05-20T03:31:52Z","28.28","GitHub Actions 1001060292","14",""
"26138650165","build_and_release","success","76879192357","build-and-release (aarch64, 910b, 8.5.0, 2.10.0)","success","2026-05-20T03:03:36Z","2026-05-20T03:32:33Z","28.95","GitHub Actions 1001060298","14",""
"26138650165","build_and_release","success","76879192361","build-and-release (aarch64, a3, 8.5.0, 2.8.0)","success","2026-05-20T03:03:36Z","2026-05-20T03:32:11Z","28.58","GitHub Actions 1001060299","14",""
"26138650165","build_and_release","success","76879192369","build-and-release (x86_64, a3, 9.0.0, 2.10.0)","success","2026-05-20T03:03:36Z","2026-05-20T03:48:25Z","44.82","GitHub Actions 1001060297","14",""
"26095800844","build_and_release","success","76759769251","build-and-release (aarch64, 910b, 8.5.0, 2.10.0)","success","2026-05-19T14:18:41Z","2026-05-19T14:46:05Z","27.4","GitHub Actions 1001051940","14",""
"26095800844","build_and_release","success","76759769253","build-and-release (x86_64, 910b, 8.5.0, 2.10.0)","success","2026-05-19T14:18:42Z","2026-05-19T15:01:28Z","42.77","GitHub Actions 1001051946","14",""
"26095800844","build_and_release","success","76759769255","build-and-release (aarch64, 910b, 8.5.0, 2.8.0)","success","2026-05-19T14:18:42Z","2026-05-19T14:48:35Z","29.88","GitHub Actions 1001051941","14",""
"26095800844","build_and_release","success","76759769268","build-and-release (aarch64, a3, 9.0.0, 2.10.0)","success","2026-05-19T14:18:42Z","2026-05-19T14:47:24Z","28.7","GitHub Actions 1001051943","14",""
"26095800844","build_and_release","success","76759769270","build-and-release (x86_64, a3, 8.5.0, 2.8.0)","success","2026-05-19T14:18:42Z","2026-05-19T15:01:53Z","43.18","GitHub Actions 1001051938","14",""
"26095800844","build_and_release","success","76759769272","build-and-release (x86_64, a3, 9.0.0, 2.8.0)","success","2026-05-19T14:18:45Z","2026-05-19T15:01:13Z","42.47","GitHub Actions 1001051939","14",""
"26095800844","build_and_release","success","76759769274","build-and-release (x86_64, 910b, 8.5.0, 2.8.0)","success","2026-05-19T14:18:42Z","2026-05-19T14:52:40Z","33.97","GitHub Actions 1001051945","14",""
"26095800844","build_and_release","success","76759769285","build-and-release (aarch64, a3, 9.0.0, 2.8.0)","success","2026-05-19T14:18:41Z","2026-05-19T14:46:53Z","28.2","GitHub Actions 1001051935","14",""
"26095800844","build_and_release","success","76759769321","build-and-release (x86_64, a3, 9.0.0, 2.10.0)","success","2026-05-19T14:18:41Z","2026-05-19T15:06:56Z","48.25","GitHub Actions 1001051937","14",""
"26095800844","build_and_release","success","76759769396","build-and-release (aarch64, a3, 8.5.0, 2.8.0)","success","2026-05-19T14:18:42Z","2026-05-19T14:46:28Z","27.77","GitHub Actions 1001051942","14",""
"26095800844","build_and_release","success","76759769406","build-and-release (aarch64, a3, 8.5.0, 2.10.0)","success","2026-05-19T14:18:44Z","2026-05-19T14:47:54Z","29.17","GitHub Actions 1001051934","14",""
"26095800844","build_and_release","success","76759769591","build-and-release (x86_64, a3, 8.5.0, 2.10.0)","success","2026-05-19T14:18:42Z","2026-05-19T14:51:50Z","33.13","GitHub Actions 1001051947","14",""
"26087741075","build_and_release","success","76705461969","build-and-release (x86_64, a3, 8.5.0, 2.8.0)","success","2026-05-19T09:14:21Z","2026-05-19T09:55:07Z","40.77","GitHub Actions 1001048507","14",""
"26087741075","build_and_release","success","76705461974","build-and-release (aarch64, 910b, 8.5.0, 2.10.0)","success","2026-05-19T09:14:22Z","2026-05-19T09:42:46Z","28.4","GitHub Actions 1001048505","14",""
"26087741075","build_and_release","success","76705461980","build-and-release (x86_64, a3, 9.0.0, 2.10.0)","success","2026-05-19T09:14:22Z","2026-05-19T09:54:57Z","40.58","GitHub Actions 1001048511","14",""
"26087741075","build_and_release","success","76705461981","build-and-release (x86_64, 910b, 8.5.0, 2.8.0)","success","2026-05-19T09:14:21Z","2026-05-19T09:54:10Z","39.82","GitHub Actions 1001048506","14",""
"26087741075","build_and_release","success","76705461984","build-and-release (aarch64, a3, 9.0.0, 2.8.0)","success","2026-05-19T09:14:21Z","2026-05-19T09:44:07Z","29.77","GitHub Actions 1001048504","14",""
"26087741075","build_and_release","success","76705461992","build-and-release (aarch64, 910b, 8.5.0, 2.8.0)","success","2026-05-19T09:14:22Z","2026-05-19T09:41:04Z","26.7","GitHub Actions 1001048513","14",""
"26087741075","build_and_release","success","76705461998","build-and-release (aarch64, a3, 9.0.0, 2.10.0)","success","2026-05-19T09:14:22Z","2026-05-19T09:41:20Z","26.97","GitHub Actions 1001048514","14",""
"26087741075","build_and_release","success","76705462006","build-and-release (x86_64, 910b, 8.5.0, 2.10.0)","success","2026-05-19T09:14:22Z","2026-05-19T09:55:39Z","41.28","GitHub Actions 1001048508","14",""
"26087741075","build_and_release","success","76705462012","build-and-release (x86_64, a3, 8.5.0, 2.10.0)","success","2026-05-19T09:14:22Z","2026-05-19T09:54:51Z","40.48","GitHub Actions 1001048510","14",""
"26087741075","build_and_release","success","76705462023","build-and-release (aarch64, a3, 8.5.0, 2.8.0)","success","2026-05-19T09:14:21Z","2026-05-19T09:41:44Z","27.38","GitHub Actions 1001048512","14",""
"26087741075","build_and_release","success","76705462102","build-and-release (x86_64, a3, 9.0.0, 2.8.0)","success","2026-05-19T09:14:21Z","2026-05-19T09:54:55Z","40.57","GitHub Actions 1001048509","14",""
"26087741075","build_and_release","success","76705462141","build-and-release (aarch64, a3, 8.5.0, 2.10.0)","success","2026-05-19T09:14:23Z","2026-05-19T09:41:39Z","27.27","GitHub Actions 1001048515","14",""
"26083669928","build_and_release","failure","76695719257","build-and-release (aarch64, 910b, 8.5.0, 2.8.0)","cancelled","2026-05-19T08:15:37Z","2026-05-19T08:19:46Z","4.15","GitHub Actions 1001048035","14","Build SGL-Kernel-NPU"
"26083669928","build_and_release","failure","76695719277","build-and-release (x86_64, a3, 9.0.0, 2.10.0)","cancelled","2026-05-19T08:15:36Z","2026-05-19T08:19:31Z","3.92","GitHub Actions 1001048032","14",""
"26083669928","build_and_release","failure","76695719287","build-and-release (x86_64, a3, 8.5.0, 2.8.0)","failure","2026-05-19T08:15:37Z","2026-05-19T08:19:25Z","3.8","GitHub Actions 1001048033","14","Build SGL-Kernel-NPU"
"26083669928","build_and_release","failure","76695719292","build-and-release (aarch64, 910b, 8.5.0, 2.10.0)","cancelled","2026-05-19T08:15:37Z","2026-05-19T08:19:58Z","4.35","GitHub Actions 1001048036","14",""
"26083669928","build_and_release","failure","76695719299","build-and-release (x86_64, a3, 9.0.0, 2.8.0)","cancelled","2026-05-19T08:15:37Z","2026-05-19T08:19:52Z","4.25","GitHub Actions 1001048040","13",""
"26083669928","build_and_release","failure","76695719301","build-and-release (x86_64, 910b, 8.5.0, 2.10.0)","cancelled","2026-05-19T08:15:36Z","2026-05-19T08:19:50Z","4.23","GitHub Actions 1001048041","14","Build SGL-Kernel-NPU"
"26083669928","build_and_release","failure","76695719305","build-and-release (aarch64, a3, 8.5.0, 2.10.0)","cancelled","2026-05-19T08:15:37Z","2026-05-19T08:19:56Z","4.32","GitHub Actions 1001048037","14",""
"26083669928","build_and_release","failure","76695719313","build-and-release (aarch64, a3, 8.5.0, 2.8.0)","cancelled","2026-05-19T08:15:36Z","2026-05-19T08:19:55Z","4.32","GitHub Actions 1001048034","14",""
"26083669928","build_and_release","failure","76695719318","build-and-release (aarch64, a3, 9.0.0, 2.8.0)","cancelled","2026-05-19T08:15:37Z","2026-05-19T08:19:52Z","4.25","GitHub Actions 1001048039","13",""
"26083669928","build_and_release","failure","76695719349","build-and-release (aarch64, a3, 9.0.0, 2.10.0)","cancelled","2026-05-19T08:15:36Z","2026-05-19T08:19:39Z","4.05","GitHub Actions 1001048038","14","Build SGL-Kernel-NPU"
"26083669928","build_and_release","failure","76695719358","build-and-release (x86_64, 910b, 8.5.0, 2.8.0)","cancelled","2026-05-19T08:15:37Z","2026-05-19T08:19:53Z","4.27","GitHub Actions 1001048043","14",""
"26083669928","build_and_release","failure","76695719373","build-and-release (x86_64, a3, 8.5.0, 2.10.0)","cancelled","2026-05-19T08:15:36Z","2026-05-19T08:19:36Z","4","GitHub Actions 1001048042","14","Build SGL-Kernel-NPU"
"26081179968","build_and_release","success","76682972178","build-and-release (x86_64, a3, 8.5.0, 2.10.0)","success","2026-05-19T06:49:09Z","2026-05-19T07:31:48Z","42.65","GitHub Actions 1001046839","14",""
"26081179968","build_and_release","success","76682972184","build-and-release (x86_64, a3, 9.0.0, 2.8.0)","success","2026-05-19T06:49:09Z","2026-05-19T07:33:46Z","44.62","GitHub Actions 1001046837","14",""
"26081179968","build_and_release","success","76682972185","build-and-release (x86_64, 910b, 9.0.0, 2.10.0)","success","2026-05-19T06:49:10Z","2026-05-19T07:28:24Z","39.23","GitHub Actions 1001046841","14",""
"26081179968","build_and_release","success","76682972190","build-and-release (aarch64, 910b, 8.5.0, 2.8.0)","success","2026-05-19T06:49:10Z","2026-05-19T07:17:51Z","28.68","GitHub Actions 1001046848","14",""
"26081179968","build_and_release","success","76682972193","build-and-release (x86_64, 910b, 8.5.0, 2.8.0)","success","2026-05-19T06:49:09Z","2026-05-19T07:29:09Z","40","GitHub Actions 1001046838","14",""
"26081179968","build_and_release","success","76682972197","build-and-release (aarch64, a3, 8.5.0, 2.8.0)","success","2026-05-19T06:49:10Z","2026-05-19T07:16:06Z","26.93","GitHub Actions 1001046846","14",""
"26081179968","build_and_release","success","76682972198","build-and-release (aarch64, a3, 9.0.0, 2.10.0)","success","2026-05-19T06:49:11Z","2026-05-19T07:17:08Z","27.95","GitHub Actions 1001046851","14",""
"26081179968","build_and_release","success","76682972205","build-and-release (aarch64, a3, 9.0.0, 2.8.0)","success","2026-05-19T06:49:10Z","2026-05-19T07:19:16Z","30.1","GitHub Actions 1001046845","14",""
"26081179968","build_and_release","success","76682972209","build-and-release (aarch64, 910b, 9.0.0, 2.10.0)","success","2026-05-19T06:49:10Z","2026-05-19T07:16:53Z","27.72","GitHub Actions 1001046852","14",""
"26081179968","build_and_release","success","76682972213","build-and-release (x86_64, 910b, 9.0.0, 2.8.0)","success","2026-05-19T06:49:10Z","2026-05-19T07:33:54Z","44.73","GitHub Actions 1001046840","14",""
"26081179968","build_and_release","success","76682972217","build-and-release (aarch64, 910b, 9.0.0, 2.8.0)","success","2026-05-19T06:49:10Z","2026-05-19T07:16:56Z","27.77","GitHub Actions 1001046849","14",""
"26081179968","build_and_release","success","76682972222","build-and-release (aarch64, a3, 8.5.0, 2.10.0)","success","2026-05-19T06:49:11Z","2026-05-19T07:16:14Z","27.05","GitHub Actions 1001046850","14",""
"26081179968","build_and_release","success","76682972232","build-and-release (aarch64, 910b, 8.5.0, 2.10.0)","success","2026-05-19T06:49:10Z","2026-05-19T07:16:09Z","26.98","GitHub Actions 1001046847","14",""
"26081179968","build_and_release","success","76682972251","build-and-release (x86_64, a3, 8.5.0, 2.8.0)","success","2026-05-19T06:49:10Z","2026-05-19T07:28:32Z","39.37","GitHub Actions 1001046843","14",""
"26081179968","build_and_release","success","76682972257","build-and-release (x86_64, a3, 9.0.0, 2.10.0)","success","2026-05-19T06:49:09Z","2026-05-19T07:28:27Z","39.3","GitHub Actions 1001046842","14",""
"26081179968","build_and_release","success","76682972368","build-and-release (x86_64, 910b, 8.5.0, 2.10.0)","success","2026-05-19T06:49:09Z","2026-05-19T07:34:12Z","45.05","GitHub Actions 1001046844","14",""
"26033602703","build_and_release","success","76659302376","build-and-release (x86_64, 910b, 8.5.0, 2.8.0)","success","2026-05-19T02:58:08Z","2026-05-19T03:42:24Z","44.27","GitHub Actions 1001044258","14",""
"26033602703","build_and_release","success","76659302377","build-and-release (x86_64, a3, 9.0.0, 2.8.0)","success","2026-05-19T02:58:08Z","2026-05-19T03:40:08Z","42","GitHub Actions 1001044259","14",""
"26033602703","build_and_release","success","76659302380","build-and-release (aarch64, 910b, 8.5.0, 2.10.0)","success","2026-05-19T02:58:08Z","2026-05-19T03:25:01Z","26.88","GitHub Actions 1001044252","14",""
"26033602703","build_and_release","success","76659302383","build-and-release (x86_64, a3, 8.5.0, 2.8.0)","success","2026-05-19T02:58:10Z","2026-05-19T03:41:51Z","43.68","GitHub Actions 1001044263","14",""
"26033602703","build_and_release","success","76659302384","build-and-release (x86_64, 910b, 8.5.0, 2.10.0)","success","2026-05-19T02:58:08Z","2026-05-19T03:38:24Z","40.27","GitHub Actions 1001044260","14",""
"26033602703","build_and_release","success","76659302385","build-and-release (x86_64, a3, 8.5.0, 2.10.0)","success","2026-05-19T02:58:08Z","2026-05-19T03:40:16Z","42.13","GitHub Actions 1001044262","14",""
"26033602703","build_and_release","success","76659302386","build-and-release (aarch64, a3, 8.5.0, 2.10.0)","success","2026-05-19T02:58:08Z","2026-05-19T03:25:22Z","27.23","GitHub Actions 1001044254","14",""
"26033602703","build_and_release","success","76659302392","build-and-release (aarch64, 910b, 8.5.0, 2.8.0)","success","2026-05-19T02:58:09Z","2026-05-19T03:25:52Z","27.72","GitHub Actions 1001044253","14",""
"26033602703","build_and_release","success","76659302402","build-and-release (aarch64, a3, 8.5.0, 2.8.0)","success","2026-05-19T02:58:09Z","2026-05-19T03:26:31Z","28.37","GitHub Actions 1001044255","14",""
"26033602703","build_and_release","success","76659302411","build-and-release (aarch64, a3, 9.0.0, 2.8.0)","success","2026-05-19T02:58:08Z","2026-05-19T03:25:36Z","27.47","GitHub Actions 1001044256","14",""
"26033602703","build_and_release","success","76659302414","build-and-release (x86_64, a3, 9.0.0, 2.10.0)","success","2026-05-19T02:58:08Z","2026-05-19T03:41:45Z","43.62","GitHub Actions 1001044261","14",""
"26033602703","build_and_release","success","76659302440","build-and-release (aarch64, a3, 9.0.0, 2.10.0)","success","2026-05-19T02:58:08Z","2026-05-19T03:26:42Z","28.57","GitHub Actions 1001044257","14",""
"26010780037","build_and_release","success","76450816846","build-and-release (x86_64, a3, 9.0.0, 2.10.0)","success","2026-05-18T02:46:18Z","2026-05-18T03:28:12Z","41.9","GitHub Actions 1001026967","14",""
"26010780037","build_and_release","success","76450816848","build-and-release (aarch64, 910b, 8.5.0, 2.8.0)","success","2026-05-18T02:46:18Z","2026-05-18T03:12:38Z","26.33","GitHub Actions 1001026969","14",""
"26010780037","build_and_release","success","76450816853","build-and-release (aarch64, 910b, 8.5.0, 2.10.0)","success","2026-05-18T02:46:18Z","2026-05-18T03:14:13Z","27.92","GitHub Actions 1001026968","14",""
"26010780037","build_and_release","success","76450816854","build-and-release (x86_64, 910b, 8.5.0, 2.8.0)","success","2026-05-18T02:46:18Z","2026-05-18T03:24:50Z","38.53","GitHub Actions 1001026973","14",""
"26010780037","build_and_release","success","76450816859","build-and-release (x86_64, 910b, 8.5.0, 2.10.0)","success","2026-05-18T02:46:18Z","2026-05-18T03:26:35Z","40.28","GitHub Actions 1001026974","14",""
"26010780037","build_and_release","success","76450816864","build-and-release (x86_64, a3, 8.5.0, 2.8.0)","success","2026-05-18T02:46:18Z","2026-05-18T03:27:08Z","40.83","GitHub Actions 1001026975","14",""
"26010780037","build_and_release","success","76450816865","build-and-release (aarch64, a3, 9.0.0, 2.10.0)","success","2026-05-18T02:46:18Z","2026-05-18T03:13:18Z","27","GitHub Actions 1001026980","14",""
"26010780037","build_and_release","success","76450816866","build-and-release (x86_64, a3, 9.0.0, 2.8.0)","success","2026-05-18T02:46:18Z","2026-05-18T03:31:21Z","45.05","GitHub Actions 1001026972","14",""
"26010780037","build_and_release","success","76450816870","build-and-release (aarch64, a3, 9.0.0, 2.8.0)","success","2026-05-18T02:46:18Z","2026-05-18T03:14:15Z","27.95","GitHub Actions 1001026977","14",""
"26010780037","build_and_release","success","76450816874","build-and-release (x86_64, a3, 8.5.0, 2.10.0)","success","2026-05-18T02:46:18Z","2026-05-18T03:29:04Z","42.77","GitHub Actions 1001026976","14",""
"26010780037","build_and_release","success","76450816882","build-and-release (aarch64, a3, 8.5.0, 2.8.0)","success","2026-05-18T02:46:18Z","2026-05-18T03:14:37Z","28.32","GitHub Actions 1001026979","14",""
"26010780037","build_and_release","success","76450816883","build-and-release (aarch64, a3, 8.5.0, 2.10.0)","success","2026-05-18T02:46:18Z","2026-05-18T03:13:42Z","27.4","GitHub Actions 1001026978","14",""
"26010217992","build_and_release","success","76449253352","build-and-release (x86_64, 910b, 8.5.0, 2.10.0)","success","2026-05-18T02:25:50Z","2026-05-18T03:08:34Z","42.73","GitHub Actions 1001026761","14",""
"26010217992","build_and_release","success","76449253353","build-and-release (x86_64, a3, 9.0.0, 2.10.0)","success","2026-05-18T02:25:50Z","2026-05-18T03:08:30Z","42.67","GitHub Actions 1001026762","14",""
"26010217992","build_and_release","success","76449253356","build-and-release (x86_64, a3, 8.5.0, 2.10.0)","success","2026-05-18T02:25:50Z","2026-05-18T03:08:29Z","42.65","GitHub Actions 1001026763","14",""
"26010217992","build_and_release","success","76449253357","build-and-release (aarch64, 910b, 8.5.0, 2.8.0)","success","2026-05-18T02:25:50Z","2026-05-18T02:52:57Z","27.12","GitHub Actions 1001026768","14",""
"26010217992","build_and_release","success","76449253361","build-and-release (aarch64, 910b, 8.5.0, 2.10.0)","success","2026-05-18T02:25:51Z","2026-05-18T02:53:05Z","27.23","GitHub Actions 1001026767","14",""
"26010217992","build_and_release","success","76449253364","build-and-release (x86_64, a3, 8.5.0, 2.8.0)","success","2026-05-18T02:25:50Z","2026-05-18T03:06:03Z","40.22","GitHub Actions 1001026764","14",""
"26010217992","build_and_release","success","76449253367","build-and-release (aarch64, a3, 9.0.0, 2.8.0)","success","2026-05-18T02:25:51Z","2026-05-18T02:54:12Z","28.35","GitHub Actions 1001026769","14",""
"26010217992","build_and_release","success","76449253371","build-and-release (x86_64, a3, 9.0.0, 2.8.0)","success","2026-05-18T02:25:50Z","2026-05-18T03:13:43Z","47.88","GitHub Actions 1001026765","14",""
"26010217992","build_and_release","success","76449253376","build-and-release (aarch64, a3, 8.5.0, 2.10.0)","success","2026-05-18T02:25:50Z","2026-05-18T02:52:14Z","26.4","GitHub Actions 1001026770","14",""
"26010217992","build_and_release","success","76449253380","build-and-release (aarch64, a3, 8.5.0, 2.8.0)","success","2026-05-18T02:25:50Z","2026-05-18T02:52:12Z","26.37","GitHub Actions 1001026772","14",""
"26010217992","build_and_release","success","76449253381","build-and-release (aarch64, a3, 9.0.0, 2.10.0)","success","2026-05-18T02:25:50Z","2026-05-18T02:53:48Z","27.97","GitHub Actions 1001026771","14",""
"26010217992","build_and_release","success","76449253397","build-and-release (x86_64, 910b, 8.5.0, 2.8.0)","success","2026-05-18T02:25:50Z","2026-05-18T03:04:01Z","38.18","GitHub Actions 1001026766","14",""
"26177429996","daily-build-test","success","77011110351","daily-enumerate-intranode","success","2026-05-20T17:01:04Z","2026-05-20T17:07:38Z","6.57","linux-aarch64-a3-16-hcd98-runner-hqxrg","12",""
"26177429996","daily-build-test","success","77011110543","daily-enumerate-low-latency","success","2026-05-20T17:01:05Z","2026-05-20T17:25:14Z","24.15","linux-aarch64-a3-16-hcd98-runner-48xtx","11",""
"26177429996","daily-build-test","success","77015684064","finish","success","2026-05-20T17:25:17Z","2026-05-20T17:25:21Z","0.07","GitHub Actions 1001076953","3",""
"26167272155","daily-build-test","success","76975056759","Intranode (cann8.5.0-a2)","success","2026-05-20T13:57:49Z","2026-05-20T14:05:18Z","7.48","linux-aarch64-a2-8-zn252-runner-86lwh","13",""
"26167272155","daily-build-test","success","76975056810","Low Latency (cann9.0.0-a3)","success","2026-05-20T14:27:46Z","2026-05-20T14:51:49Z","24.05","linux-aarch64-a3-16-hcd98-runner-xl2cz","13",""
"26167272155","daily-build-test","success","76975056817","Intranode (cann8.5.0-a3)","success","2026-05-20T14:23:36Z","2026-05-20T14:29:18Z","5.7","linux-aarch64-a3-16-hcd98-runner-5xkcc","13",""
"26167272155","daily-build-test","success","76975056861","Low Latency (cann9.0.0-a2)","success","2026-05-20T14:26:55Z","2026-05-20T14:44:08Z","17.22","linux-aarch64-a2-8-zn252-runner-gnbcn","13",""
"26167272155","daily-build-test","success","76975056862","Low Latency (cann8.5.0-a3)","success","2026-05-20T14:39:07Z","2026-05-20T15:03:49Z","24.7","linux-aarch64-a3-16-hcd98-runner-jkvfq","13",""
"26167272155","daily-build-test","success","76975056867","Low Latency (cann8.5.0-a2)","success","2026-05-20T14:29:43Z","2026-05-20T14:47:17Z","17.57","linux-aarch64-a2-8-zn252-runner-qfgv5","13",""
"26167272155","daily-build-test","success","76975056879","Intranode (cann9.0.0-a2)","success","2026-05-20T13:57:48Z","2026-05-20T14:04:57Z","7.15","linux-aarch64-a2-8-zn252-runner-9wjb2","13",""
"26167272155","daily-build-test","success","76975056900","Intranode (cann9.0.0-a3)","success","2026-05-20T14:21:00Z","2026-05-20T14:26:28Z","5.47","linux-aarch64-a3-16-hcd98-runner-599ws","13",""
"26167272155","daily-build-test","success","76989107105","finish","success","2026-05-20T15:03:53Z","2026-05-20T15:03:56Z","0.05","GitHub Actions 1001075605","3",""
"26152306421","daily-build-test","success","76922586577","Intranode (CANN 9.0.0, a2)","success","2026-05-20T08:58:40Z","2026-05-20T10:36:00Z","97.33","linux-aarch64-a2-8-zn252-runner-fbxfv","12",""
"26152306421","daily-build-test","success","76922586610","Intranode (CANN 9.0.0, a3)","success","2026-05-20T09:00:08Z","2026-05-20T09:05:52Z","5.73","linux-aarch64-a3-16-hcd98-runner-vbsg8","12",""
"26152306421","daily-build-test","success","76922586629","Low Latency (CANN 9.0.0, a2)","success","2026-05-20T08:58:40Z","2026-05-20T10:44:24Z","105.73","linux-aarch64-a2-8-zn252-runner-s2q44","12",""
"26152306421","daily-build-test","success","76922586632","Low Latency (CANN 8.5.0, a2)","success","2026-05-20T08:58:33Z","2026-05-20T09:16:47Z","18.23","linux-aarch64-a2-8-zn252-runner-7dtft","12",""
"26152306421","daily-build-test","success","76922586633","Low Latency (CANN 8.5.0, a3)","success","2026-05-20T10:45:14Z","2026-05-20T11:08:37Z","23.38","linux-aarch64-a3-16-hcd98-runner-hdtrj","12",""
"26152306421","daily-build-test","success","76922586680","Intranode (CANN 8.5.0, a3)","success","2026-05-20T09:19:21Z","2026-05-20T09:26:06Z","6.75","linux-aarch64-a3-16-hcd98-runner-l8r24","12",""
"26152306421","daily-build-test","success","76922586724","Intranode (CANN 8.5.0, a2)","success","2026-05-20T08:58:40Z","2026-05-20T10:29:10Z","90.5","linux-aarch64-a2-8-zn252-runner-wlwkg","12",""
"26152306421","daily-build-test","success","76922586879","Low Latency (CANN 9.0.0, a3)","success","2026-05-20T10:01:03Z","2026-05-20T10:25:25Z","24.37","linux-aarch64-a3-16-hcd98-runner-srqhp","12",""
"26152306421","daily-build-test","success","76944438614","finish","success","2026-05-20T11:08:40Z","2026-05-20T11:08:43Z","0.05","GitHub Actions 1001071717","3",""
"26112217228","daily-build-test","success","76792104162","daily-enumerate-low-latency","success","2026-05-19T16:56:52Z","2026-05-19T17:20:37Z","23.75","linux-aarch64-a3-16-hcd98-runner-86sxb","11",""
"26112217228","daily-build-test","success","76792104177","daily-enumerate-intranode","success","2026-05-19T16:59:07Z","2026-05-19T17:06:35Z","7.47","linux-aarch64-a3-16-hcd98-runner-4gbh2","12",""
"26112217228","daily-build-test","success","76796594806","finish","success","2026-05-19T17:20:40Z","2026-05-19T17:20:42Z","0.03","GitHub Actions 1001053335","3",""
"26102123867","daily-build-test","success","76755732742","daily-enumerate-low-latency-cann850-a3","success","2026-05-19T13:59:51Z","2026-05-19T14:23:12Z","23.35","linux-aarch64-a3-16-hcd98-runner-hkvch","11",""
"26102123867","daily-build-test","success","76755732753","daily-enumerate-low-latency-cann900-a3","success","2026-05-19T13:59:50Z","2026-05-19T14:23:04Z","23.23","linux-aarch64-a3-16-hcd98-runner-mbfgl","11",""
"26102123867","daily-build-test","success","76755732777","daily-enumerate-intranode-cann900-a3","success","2026-05-19T13:59:52Z","2026-05-19T14:05:34Z","5.7","linux-aarch64-a3-16-hcd98-runner-dp6rb","12",""
"26102123867","daily-build-test","success","76755732789","daily-enumerate-low-latency-cann850-a2","success","2026-05-19T13:59:53Z","2026-05-19T16:08:55Z","129.03","linux-aarch64-a2-8-zn252-runner-z4ddp","11",""
"26102123867","daily-build-test","success","76755732816","daily-enumerate-intranode-cann850-a2","success","2026-05-19T13:59:51Z","2026-05-19T15:53:59Z","114.13","linux-aarch64-a2-8-zn252-runner-r4gbg","12",""
"26102123867","daily-build-test","success","76755732944","daily-enumerate-low-latency-cann900-a2","success","2026-05-19T13:59:53Z","2026-05-19T16:04:14Z","124.35","linux-aarch64-a2-8-zn252-runner-ns5gn","11",""
"26102123867","daily-build-test","success","76755733020","daily-enumerate-intranode-cann900-a2","success","2026-05-19T13:59:59Z","2026-05-19T15:51:29Z","111.5","linux-aarch64-a2-8-zn252-runner-7tlp5","12",""
"26102123867","daily-build-test","success","76755733222","daily-enumerate-intranode-cann850-a3","success","2026-05-19T13:59:55Z","2026-05-19T14:05:22Z","5.45","linux-aarch64-a3-16-hcd98-runner-ztsj5","12",""
"26102123867","daily-build-test","success","76783067456","finish","success","2026-05-19T16:09:00Z","2026-05-19T16:09:03Z","0.05","GitHub Actions 1001052843","3",""
"26092898754","daily-build-test","success","76722928472","daily-enumerate-intranode-cann850-a3","success","2026-05-19T11:02:26Z","2026-05-19T11:23:03Z","20.62","linux-aarch64-a3-16-hcd98-runner-fcxvf","12",""
"26092898754","daily-build-test","success","76722928480","daily-enumerate-low-latency-cann850-a2","success","2026-05-19T11:00:14Z","2026-05-19T13:10:37Z","130.38","linux-aarch64-a2-8-zn252-runner-g6b2x","11",""
"26092898754","daily-build-test","success","76722928483","daily-enumerate-low-latency-cann900-a3","success","2026-05-19T11:56:28Z","2026-05-19T12:20:21Z","23.88","linux-aarch64-a3-16-hcd98-runner-98g6c","11",""
"26092898754","daily-build-test","success","76722928485","daily-enumerate-intranode-cann850-a2","success","2026-05-19T11:00:10Z","2026-05-19T12:43:39Z","103.48","linux-aarch64-a2-8-zn252-runner-7lrz4","12",""
"26092898754","daily-build-test","success","76722928486","daily-enumerate-low-latency-cann900-a2","success","2026-05-19T11:00:13Z","2026-05-19T13:07:34Z","127.35","linux-aarch64-a2-8-zn252-runner-xth6x","11",""
"26092898754","daily-build-test","success","76722928492","daily-enumerate-low-latency-cann850-a3","success","2026-05-19T11:06:46Z","2026-05-19T11:31:06Z","24.33","linux-aarch64-a3-16-hcd98-runner-4nxdk","11",""
"26092898754","daily-build-test","success","76722928527","daily-enumerate-intranode-cann900-a2","success","2026-05-19T11:00:20Z","2026-05-19T13:14:28Z","134.13","linux-aarch64-a2-8-zn252-runner-vtw6n","12",""
"26092898754","daily-build-test","success","76722928552","daily-enumerate-intranode-cann900-a3","success","2026-05-19T11:06:11Z","2026-05-19T11:51:49Z","45.63","linux-aarch64-a3-16-hcd98-runner-vsm2t","12",""
"26092898754","daily-build-test","success","76746454413","finish","success","2026-05-19T13:14:31Z","2026-05-19T13:14:34Z","0.05","GitHub Actions 1001051336","3",""
"26047706057","daily-build-test","success","76576117289","daily-enumerate-intranode","success","2026-05-18T16:55:08Z","2026-05-18T17:01:28Z","6.33","linux-aarch64-a3-16-hcd98-runner-s8lwv","12",""
"26047706057","daily-build-test","success","76576117525","daily-enumerate-low-latency","success","2026-05-18T16:55:08Z","2026-05-18T17:19:00Z","23.87","linux-aarch64-a3-16-hcd98-runner-vwbgr","11",""
"26047706057","daily-build-test","success","76580409600","finish","success","2026-05-18T17:19:03Z","2026-05-18T17:19:07Z","0.07","GitHub Actions 1001037747","3",""
"26010780027","daily-build-test","success","76450840426","daily-enumerate-intranode","success","2026-05-18T04:07:49Z","2026-05-18T04:14:16Z","6.45","linux-aarch64-a3-16-hcd98-runner-h64pn","12",""
"26010780027","daily-build-test","success","76450840488","daily-enumerate-low-latency","success","2026-05-18T04:07:29Z","2026-05-18T04:31:17Z","23.8","linux-aarch64-a3-16-hcd98-runner-gp7ck","11",""
"26010780027","daily-build-test","success","76459094272","finish","success","2026-05-18T04:31:20Z","2026-05-18T04:31:24Z","0.07","GitHub Actions 1001027979","3",""
"25996129429","daily-build-test","success","76410806787","daily-enumerate-intranode","success","2026-05-17T16:18:39Z","2026-05-17T16:25:24Z","6.75","linux-aarch64-a3-16-hcd98-runner-ftcvg","12",""
"25996129429","daily-build-test","success","76410806802","daily-enumerate-low-latency","success","2026-05-17T16:18:41Z","2026-05-17T16:44:00Z","25.32","linux-aarch64-a3-16-hcd98-runner-gn6q9","11",""
"25996129429","daily-build-test","success","76412410497","finish","success","2026-05-17T16:44:02Z","2026-05-17T16:44:06Z","0.07","GitHub Actions 1001024294","3",""
"25966777518","daily-build-test","success","76331530231","daily-enumerate-low-latency","success","2026-05-16T16:17:11Z","2026-05-16T16:44:37Z","27.43","linux-aarch64-a3-16-hcd98-runner-7gfqp","11",""
"25966777518","daily-build-test","success","76331530235","daily-enumerate-intranode","success","2026-05-16T16:17:10Z","2026-05-16T16:25:02Z","7.87","linux-aarch64-a3-16-hcd98-runner-km62j","12",""
"25966777518","daily-build-test","success","76333188800","finish","success","2026-05-16T16:44:40Z","2026-05-16T16:44:42Z","0.03","GitHub Actions 1001018577","3",""
"26213188425","pr-test-npu","failure","77128922133","Check changed files","success","2026-05-21T07:56:04Z","2026-05-21T07:56:16Z","0.2","GitHub Actions 1001091836","5",""
"26213188425","pr-test-npu","failure","77128959118","test-build-deepep-a2","failure","2026-05-21T07:56:37Z","2026-05-21T07:58:09Z","1.53","linux-aarch64-a2-8-84j68-runner-5d4ps","39","Run test intranode"
"26213188425","pr-test-npu","failure","77128959135","test-build-deepep-a3","failure","2026-05-21T07:56:40Z","2026-05-21T07:58:25Z","1.75","linux-aarch64-a3-16-n5xv4-runner-9vnhg","49","Run test intranode"
"26213188425","pr-test-npu","failure","77128959228","test-all-build","failure","2026-05-21T08:01:53Z","2026-05-21T08:03:42Z","1.82","linux-aarch64-a3-16-n5xv4-runner-4jbmh","48","Run test intranode"
"26213188425","pr-test-npu","failure","77128959259","multi-node (test_internode_a2, 2, tests/python/deepep/test_internode_a2.py) / test_internode_a2","failure","2026-05-21T07:56:39Z","2026-05-21T08:17:02Z","20.38","linux-aarch64-a2-0-n724d-runner-9wdt4","13","Run test"
"26213188425","pr-test-npu","failure","77132173753","finish","failure","2026-05-21T08:17:05Z","2026-05-21T08:17:09Z","0.07","GitHub Actions 1001092535","3","Check all dependent job statuses"
"26169674673","pr-test-npu","failure","76983517817","Check changed files","success","2026-05-20T14:37:14Z","2026-05-20T14:37:22Z","0.13","GitHub Actions 1001075140","5",""
"26169674673","pr-test-npu","failure","76983561886","test-build-deepep-a3","success","2026-05-20T15:06:49Z","2026-05-20T16:05:30Z","58.68","linux-aarch64-a3-16-hcd98-runner-nvsjz","49",""
"26169674673","pr-test-npu","failure","76983562003","test-all-build","success","2026-05-20T14:47:05Z","2026-05-20T15:50:14Z","63.15","linux-aarch64-a3-16-hcd98-runner-rr4gp","48",""
"26169674673","pr-test-npu","failure","76983562161","test-build-deepep-a2","success","2026-05-20T14:37:27Z","2026-05-20T15:16:13Z","38.77","linux-aarch64-a2-8-zn252-runner-hz4mh","39",""
"26169674673","pr-test-npu","failure","76983562821","multi-node (test_internode_a2, 2, tests/python/deepep/test_internode_a2.py) / test_internode_a2","failure","2026-05-20T14:38:16Z","2026-05-20T14:43:47Z","5.52","linux-aarch64-a2-0-7ssbv-runner-tbztz","13","Run test"
"26169674673","pr-test-npu","failure","77001545008","finish","failure","2026-05-20T16:05:34Z","2026-05-20T16:05:36Z","0.03","GitHub Actions 1001076281","3","Check all dependent job statuses"
"26167272288","pr-test-npu","failure","76975015365","Check changed files","success","2026-05-20T13:57:13Z","2026-05-20T13:57:17Z","0.07","GitHub Actions 1001074320","5",""
"26167272288","pr-test-npu","failure","76975041964","test-all-build","success","2026-05-20T13:57:21Z","2026-05-20T14:59:34Z","62.22","linux-aarch64-a3-16-hcd98-runner-nq97t","48",""
"26167272288","pr-test-npu","failure","76975041968","test-build-deepep-a2","success","2026-05-20T13:57:35Z","2026-05-20T14:35:33Z","37.97","linux-aarch64-a2-8-zn252-runner-rj6vf","39",""
"26167272288","pr-test-npu","failure","76975042126","multi-node (test_internode_a2, 2, tests/python/deepep/test_internode_a2.py) / test_internode_a2","failure","2026-05-20T13:57:50Z","2026-05-20T14:04:26Z","6.6","linux-aarch64-a2-0-7ssbv-runner-rv7z4","13","Run test"
"26167272288","pr-test-npu","failure","76975042412","test-build-deepep-a3","success","2026-05-20T14:07:18Z","2026-05-20T15:09:46Z","62.47","linux-aarch64-a3-16-hcd98-runner-p98l7","49",""
"26167272288","pr-test-npu","failure","76990317864","finish","failure","2026-05-20T15:09:50Z","2026-05-20T15:09:53Z","0.05","GitHub Actions 1001075705","3","Check all dependent job statuses"
"26161634826","pr-test-npu","failure","76954729624","Check changed files","success","2026-05-20T12:10:45Z","2026-05-20T12:10:49Z","0.07","GitHub Actions 1001072523","5",""
"26161634826","pr-test-npu","failure","76954748826","test-all-build","success","2026-05-20T12:29:01Z","2026-05-20T13:31:31Z","62.5","linux-aarch64-a3-16-hcd98-runner-h2c7l","48",""
"26161634826","pr-test-npu","failure","76954748845","test-build-deepep-a2","success","2026-05-20T12:11:16Z","2026-05-20T12:49:40Z","38.4","linux-aarch64-a2-8-zn252-runner-9pkzk","39",""
"26161634826","pr-test-npu","failure","76954748959","test-build-deepep-a3","success","2026-05-20T12:32:15Z","2026-05-20T13:34:21Z","62.1","linux-aarch64-a3-16-hcd98-runner-2s258","49",""
"26161634826","pr-test-npu","failure","76954749500","multi-node (test_internode_a2, 2, tests/python/deepep/test_internode_a2.py) / test_internode_a2","failure","2026-05-20T12:11:14Z","2026-05-20T12:16:07Z","4.88","linux-aarch64-a2-0-7ssbv-runner-mhf77","13","Run test"
"26161634826","pr-test-npu","failure","76970274339","finish","failure","2026-05-20T13:34:25Z","2026-05-20T13:34:28Z","0.05","GitHub Actions 1001073714","3","Check all dependent job statuses"
"26152306380","pr-test-npu","failure","76922586215","Check changed files","success","2026-05-20T08:58:09Z","2026-05-20T08:58:14Z","0.08","GitHub Actions 1001068057","5",""
"26152306380","pr-test-npu","failure","76922606387","test-build-deepep-a3","success","2026-05-20T10:46:02Z","2026-05-20T11:48:27Z","62.42","linux-aarch64-a3-16-hcd98-runner-zq4z8","49",""
"26152306380","pr-test-npu","failure","76922606401","test-all-build","success","2026-05-20T11:26:08Z","2026-05-20T12:28:09Z","62.02","linux-aarch64-a3-16-hcd98-runner-5kmzg","48",""
"26152306380","pr-test-npu","failure","76922606407","test-build-deepep-a2","success","2026-05-20T08:58:42Z","2026-05-20T10:27:21Z","88.65","linux-aarch64-a2-8-zn252-runner-nhl9x","39",""
"26152306380","pr-test-npu","failure","76922606840","multi-node (test_internode_a2, 2, tests/python/deepep/test_internode_a2.py) / test_internode_a2","failure","2026-05-20T08:58:53Z","2026-05-20T10:40:06Z","101.22","linux-aarch64-a2-0-7ssbv-runner-c4lmw","13","Run test"
"26152306380","pr-test-npu","failure","76957728124","finish","failure","2026-05-20T12:28:13Z","2026-05-20T12:28:17Z","0.07","GitHub Actions 1001072726","3","Check all dependent job statuses"
"26102123802","pr-test-npu","failure","76755732418","Check changed files","success","2026-05-19T13:59:26Z","2026-05-19T13:59:33Z","0.12","GitHub Actions 1001051772","5",""
"26102123802","pr-test-npu","failure","76755775725","test-build-deepep-a2","success","2026-05-19T14:00:09Z","2026-05-19T16:32:14Z","152.08","linux-aarch64-a2-8-zn252-runner-x295t","39",""
"26102123802","pr-test-npu","failure","76755775727","test-all-build","success","2026-05-19T14:00:00Z","2026-05-19T14:58:51Z","58.85","linux-aarch64-a3-16-hcd98-runner-k49st","48",""
"26102123802","pr-test-npu","failure","76755775754","test-build-deepep-a3","success","2026-05-19T14:01:19Z","2026-05-19T15:04:41Z","63.37","linux-aarch64-a3-16-hcd98-runner-6dlwc","49",""
"26102123802","pr-test-npu","failure","76755775954","multi-node (test_internode_a2, 2, tests/python/deepep/test_internode_a2.py) / test_internode_a2","failure","2026-05-19T14:00:10Z","2026-05-19T17:01:09Z","180.98","linux-aarch64-a2-0-7ssbv-runner-q4ds6","13","Run test"
"26102123802","pr-test-npu","failure","76792990395","finish","failure","2026-05-19T17:01:13Z","2026-05-19T17:01:17Z","0.07","GitHub Actions 1001053263","3","Check all dependent job statuses"
"26095800853","pr-test-npu","failure","76759768311","Check changed files","success","2026-05-19T14:18:43Z","2026-05-19T14:18:47Z","0.07","GitHub Actions 1001051944","5",""
"26095800853","pr-test-npu","failure","76759801807","test-build-deepep-a3","success","2026-05-19T14:19:18Z","2026-05-19T15:23:24Z","64.1","linux-aarch64-a3-16-hcd98-runner-skpp4","49",""
"26095800853","pr-test-npu","failure","76759801818","test-all-build","success","2026-05-19T14:19:19Z","2026-05-19T15:21:20Z","62.02","linux-aarch64-a3-16-hcd98-runner-vfxpg","48",""
"26095800853","pr-test-npu","failure","76759801964","test-build-deepep-a2","success","2026-05-19T14:19:40Z","2026-05-19T16:21:45Z","122.08","linux-aarch64-a2-8-zn252-runner-xmvfn","39",""
"26095800853","pr-test-npu","failure","76759802924","multi-node (test_internode_a2, 2, tests/python/deepep/test_internode_a2.py) / test_internode_a2","failure","2026-05-19T14:19:51Z","2026-05-19T17:20:56Z","181.08","linux-aarch64-a2-0-7ssbv-runner-p2g4r","13","Run test"
"26095800853","pr-test-npu","failure","76796654112","finish","failure","2026-05-19T17:20:59Z","2026-05-19T17:21:02Z","0.05","GitHub Actions 1001053336","3","Check all dependent job statuses"
"26088340282","pr-test-npu","failure","76708041862","Check changed files","success","2026-05-19T09:29:35Z","2026-05-19T09:29:40Z","0.08","GitHub Actions 1001048619","5",""
"26088340282","pr-test-npu","failure","76708065333","test-build-deepep-a3","success","2026-05-19T11:01:43Z","2026-05-19T12:04:59Z","63.27","linux-aarch64-a3-16-hcd98-runner-tb75g","49",""
"26088340282","pr-test-npu","failure","76708065357","test-all-build","failure","2026-05-19T10:38:40Z","2026-05-19T11:13:46Z","35.1","linux-aarch64-a3-16-hcd98-runner-bk5c5","48","Run test base fused deep moe"
"26088340282","pr-test-npu","failure","76708065413","test-build-deepep-a2","success","2026-05-19T09:30:07Z","2026-05-19T10:08:22Z","38.25","linux-aarch64-a2-8-zn252-runner-g9xtr","39",""
"26088340282","pr-test-npu","failure","76708065673","multi-node (test_internode_a2, 2, tests/python/deepep/test_internode_a2.py) / test_internode_a2","failure","2026-05-19T09:30:04Z","2026-05-19T12:31:08Z","181.07","linux-aarch64-a2-0-7ssbv-runner-r8xl9","13","Run test"
"26088340282","pr-test-npu","failure","76738333457","finish","failure","2026-05-19T12:31:11Z","2026-05-19T12:31:14Z","0.05","GitHub Actions 1001050670","3","Check all dependent job statuses"
"26087740898","pr-test-npu","failure","76705531334","Check changed files","success","2026-05-19T09:14:46Z","2026-05-19T09:14:54Z","0.13","GitHub Actions 1001048517","5",""
"26087740898","pr-test-npu","failure","76705560018","test-all-build","failure","2026-05-19T09:30:41Z","2026-05-19T09:33:40Z","2.98","linux-aarch64-a3-16-hcd98-runner-bp98c","48","Run test intranode"
"26087740898","pr-test-npu","failure","76705560045","test-build-deepep-a2","failure","2026-05-19T09:15:19Z","2026-05-19T10:09:59Z","54.67","linux-aarch64-a2-8-zn252-runner-jl6bv","39","Run test intranode"
"26087740898","pr-test-npu","failure","76705560081","test-build-deepep-a3","failure","2026-05-19T09:34:07Z","2026-05-19T09:36:49Z","2.7","linux-aarch64-a3-16-hcd98-runner-jxznj","49","Run test intranode"
"26087740898","pr-test-npu","failure","76705560445","multi-node (test_internode_a2, 2, tests/python/deepep/test_internode_a2.py) / test_internode_a2","failure","2026-05-19T09:15:19Z","2026-05-19T12:16:55Z","181.6","linux-aarch64-a2-0-7ssbv-runner-h62vs","13","Run test"
"26087740898","pr-test-npu","failure","76735797208","finish","failure","2026-05-19T12:16:59Z","2026-05-19T12:17:03Z","0.07","GitHub Actions 1001050386","3","Check all dependent job statuses"
"26086689989","pr-test-npu","success","76870778016","Check changed files","success","2026-05-19T08:50:44Z","2026-05-19T08:50:51Z","0.12","GitHub Actions 1001048304","5",""
"26086689989","pr-test-npu","success","76870778207","test-all-build","success","2026-05-19T08:52:15Z","2026-05-19T09:55:44Z","63.48","linux-aarch64-a3-16-hcd98-runner-mffnv","48",""
"26086689989","pr-test-npu","success","76870778252","test-build-deepep-a3","success","2026-05-19T08:53:11Z","2026-05-19T09:59:56Z","66.75","linux-aarch64-a3-16-hcd98-runner-7r2xr","49",""
"26086689989","pr-test-npu","success","76870778296","multi-node (test_internode_a2, 2, tests/python/deepep/test_internode_a2.py) / test_internode_a2","success","2026-05-20T01:35:27Z","2026-05-20T01:44:52Z","9.42","linux-aarch64-a2-0-7ssbv-runner-gwgvw","13",""
"26086689989","pr-test-npu","success","76870778316","test-build-deepep-a2","success","2026-05-19T08:51:25Z","2026-05-19T09:30:20Z","38.92","linux-aarch64-a2-8-zn252-runner-45rwx","39",""
"26086689989","pr-test-npu","success","76871722509","finish","success","2026-05-20T01:44:55Z","2026-05-20T01:44:59Z","0.07","GitHub Actions 1001058548","3",""
